{
  "timestamp": "2026-02-19T00:59:41.590447",
  "wallet_address": "CdJSUeHX49eFK8hixbfDKNRLTakYcy59MbVEh8pDnn9U",
  "sol_balance": 0.856969964,
  "usdc_balance": 145.73442,
  "wbtc_balance": 0,
  "bnb_balance": 0.04898556,
  "sol_price_usd": 83.64,
  "btc_price_usd": 67983,
  "bnb_price_usd": 620.11,
  "eth_price_usd": 1998.32,
  "sol_value_usd": 71.67696778896,
  "wbtc_value_usd": 0,
  "bnb_value_usd": 30.376435611599998,
  "total_usd": 247.79,
  "meme_holdings": {}
}