{
  "timestamp": "2026-02-22T01:34:53.523696",
  "wallet_address": "CdJSUeHX49eFK8hixbfDKNRLTakYcy59MbVEh8pDnn9U",
  "sol_balance": 0.62214143,
  "usdc_balance": 51.949887,
  "wbtc_balance": 0,
  "bnb_balance": 0.04898556,
  "sol_price_usd": 86.05,
  "btc_price_usd": 68141,
  "bnb_price_usd": 624.49,
  "eth_price_usd": 1979.55,
  "sol_value_usd": 53.5352700515,
  "wbtc_value_usd": 0,
  "bnb_value_usd": 30.590992364399998,
  "total_usd": 136.08,
  "meme_holdings": {}
}