{
  "timestamp": "2026-02-19T15:22:47.203678",
  "wallet_address": "CdJSUeHX49eFK8hixbfDKNRLTakYcy59MbVEh8pDnn9U",
  "sol_balance": 0.744806794,
  "usdc_balance": 144.191321,
  "wbtc_balance": 0,
  "bnb_balance": 0.04898556,
  "sol_price_usd": 82.25,
  "btc_price_usd": 67107,
  "bnb_price_usd": 610.93,
  "eth_price_usd": 1975.87,
  "sol_value_usd": 61.2603588065,
  "wbtc_value_usd": 0,
  "bnb_value_usd": 29.926748170799996,
  "total_usd": 235.38,
  "meme_holdings": {}
}