{
  "timestamp": "2026-02-18T10:29:57.723766",
  "wallet_address": "CdJSUeHX49eFK8hixbfDKNRLTakYcy59MbVEh8pDnn9U",
  "sol_balance": 0.981815587,
  "usdc_balance": 70.092669,
  "wbtc_balance": 0,
  "bnb_balance": 0.04898556,
  "sol_price_usd": 84.32,
  "btc_price_usd": 67126,
  "bnb_price_usd": 614.64,
  "eth_price_usd": 1977.02,
  "sol_value_usd": 82.78669029584,
  "wbtc_value_usd": 0,
  "bnb_value_usd": 30.108484598399997,
  "total_usd": 282.63,
  "meme_holdings": {}
}