{
  "timestamp": "2026-02-19T06:40:42.538858",
  "wallet_address": "CdJSUeHX49eFK8hixbfDKNRLTakYcy59MbVEh8pDnn9U",
  "sol_balance": 0.856969964,
  "usdc_balance": 145.73442,
  "wbtc_balance": 0,
  "bnb_balance": 0.04898556,
  "sol_price_usd": 81.48,
  "btc_price_usd": 66392,
  "bnb_price_usd": 605.25,
  "eth_price_usd": 1944.5,
  "sol_value_usd": 69.82591266672,
  "wbtc_value_usd": 0,
  "bnb_value_usd": 29.64851019,
  "total_usd": 245.21,
  "meme_holdings": {}
}