{
  "timestamp": "2026-02-18T08:20:53.508541",
  "wallet_address": "CdJSUeHX49eFK8hixbfDKNRLTakYcy59MbVEh8pDnn9U",
  "sol_balance": 1.131741172,
  "usdc_balance": 170.092669,
  "wbtc_balance": 0,
  "bnb_balance": 0.04898556,
  "sol_price_usd": 85.06,
  "btc_price_usd": 67459,
  "bnb_price_usd": 616.89,
  "eth_price_usd": 1992.24,
  "sol_value_usd": 96.26590409031999,
  "wbtc_value_usd": 0,
  "bnb_value_usd": 30.2187021084,
  "total_usd": 296.58,
  "meme_holdings": {}
}