{
  "timestamp": "2026-02-22T07:07:17.823192",
  "wallet_address": "CdJSUeHX49eFK8hixbfDKNRLTakYcy59MbVEh8pDnn9U",
  "sol_balance": 1.18627848,
  "usdc_balance": 2.547636,
  "wbtc_balance": 0,
  "bnb_balance": 0.04898556,
  "sol_price_usd": 85.73,
  "btc_price_usd": 68346,
  "bnb_price_usd": 626.33,
  "eth_price_usd": 1980.94,
  "sol_value_usd": 101.6996540904,
  "wbtc_value_usd": 0,
  "bnb_value_usd": 30.6811257948,
  "total_usd": 134.93,
  "meme_holdings": {}
}