{
  "timestamp": "2026-02-19T01:03:48.267376",
  "wallet_address": "CdJSUeHX49eFK8hixbfDKNRLTakYcy59MbVEh8pDnn9U",
  "sol_balance": 0.856969964,
  "usdc_balance": 145.73442,
  "wbtc_balance": 0,
  "bnb_balance": 0.04898556,
  "sol_price_usd": 83.14,
  "btc_price_usd": 67659,
  "bnb_price_usd": 618.08,
  "eth_price_usd": 1985.65,
  "sol_value_usd": 71.24848280696,
  "wbtc_value_usd": 0,
  "bnb_value_usd": 30.2769949248,
  "total_usd": 247.26,
  "meme_holdings": {}
}