{
  "timestamp": "2026-02-15T23:44:35.612514",
  "wallet_address": "CdJSUeHX49eFK8hixbfDKNRLTakYcy59MbVEh8pDnn9U",
  "sol_balance": 0.279068242,
  "usdc_balance": 443.139243,
  "wbtc_balance": 0.00028823,
  "bnb_balance": 0.03222343,
  "sol_price_usd": 87.21,
  "btc_price_usd": 69008,
  "bnb_price_usd": 619.62,
  "sol_value_usd": 24.33754138482,
  "wbtc_value_usd": 19.89017584,
  "bnb_value_usd": 19.9662816966,
  "total_usd": 507.33
}