{
  "timestamp": "2026-02-19T08:47:52.816520",
  "wallet_address": "CdJSUeHX49eFK8hixbfDKNRLTakYcy59MbVEh8pDnn9U",
  "sol_balance": 0.765263603,
  "usdc_balance": 144.191321,
  "wbtc_balance": 0,
  "bnb_balance": 0.04898556,
  "sol_price_usd": 81.4,
  "btc_price_usd": 66385,
  "bnb_price_usd": 604.49,
  "eth_price_usd": 1952.81,
  "sol_value_usd": 62.2924572842,
  "wbtc_value_usd": 0,
  "bnb_value_usd": 29.611281164399998,
  "total_usd": 236.1,
  "meme_holdings": {}
}