{
  "timestamp": "2026-02-19T23:50:12.080991",
  "wallet_address": "CdJSUeHX49eFK8hixbfDKNRLTakYcy59MbVEh8pDnn9U",
  "sol_balance": 0.68736298,
  "usdc_balance": 144.191321,
  "wbtc_balance": 0,
  "bnb_balance": 0.04898556,
  "sol_price_usd": 80.25,
  "btc_price_usd": 66096,
  "bnb_price_usd": 600.63,
  "eth_price_usd": 1930.05,
  "sol_value_usd": 55.160879144999996,
  "wbtc_value_usd": 0,
  "bnb_value_usd": 29.4221969028,
  "total_usd": 228.77,
  "meme_holdings": {}
}