{
  "timestamp": "2026-02-16T02:52:56.157663",
  "wallet_address": "CdJSUeHX49eFK8hixbfDKNRLTakYcy59MbVEh8pDnn9U",
  "sol_balance": 0.043004543,
  "usdc_balance": 482.429288,
  "wbtc_balance": 1e-08,
  "bnb_balance": 0.03222343,
  "sol_price_usd": 86.96,
  "btc_price_usd": 68512,
  "bnb_price_usd": 612.9,
  "sol_value_usd": 3.7396750592799997,
  "wbtc_value_usd": 0.00068512,
  "bnb_value_usd": 19.749740247,
  "total_usd": 505.92
}