{
  "timestamp": "2026-02-16T04:53:09.081663",
  "wallet_address": "CdJSUeHX49eFK8hixbfDKNRLTakYcy59MbVEh8pDnn9U",
  "sol_balance": 0.277131777,
  "usdc_balance": 462.057735,
  "wbtc_balance": 1e-08,
  "bnb_balance": 0.03265508,
  "sol_price_usd": 85.38,
  "btc_price_usd": 68374,
  "bnb_price_usd": 611.6,
  "sol_value_usd": 23.661511120260002,
  "wbtc_value_usd": 0.0006837400000000001,
  "bnb_value_usd": 19.971846928,
  "total_usd": 505.69
}