{
  "timestamp": "2026-02-21T20:51:48.382349",
  "wallet_address": "CdJSUeHX49eFK8hixbfDKNRLTakYcy59MbVEh8pDnn9U",
  "sol_balance": 0.62214143,
  "usdc_balance": 51.949887,
  "wbtc_balance": 0,
  "bnb_balance": 0.04898556,
  "sol_price_usd": 85.31,
  "btc_price_usd": 68129,
  "bnb_price_usd": 630.14,
  "eth_price_usd": 1979.75,
  "sol_value_usd": 53.0748853933,
  "wbtc_value_usd": 0,
  "bnb_value_usd": 30.867760778399997,
  "total_usd": 135.89,
  "meme_holdings": {}
}