{
  "timestamp": "2026-02-16T14:08:43.094578",
  "wallet_address": "CdJSUeHX49eFK8hixbfDKNRLTakYcy59MbVEh8pDnn9U",
  "sol_balance": 0.269708006,
  "usdc_balance": 461.700894,
  "wbtc_balance": 1e-08,
  "bnb_balance": 0.03265508,
  "sol_price_usd": 85.69,
  "btc_price_usd": 68836,
  "bnb_price_usd": 617.91,
  "eth_price_usd": 1971.92,
  "sol_value_usd": 23.11127903414,
  "wbtc_value_usd": 0.0006883600000000001,
  "bnb_value_usd": 20.177900482800002,
  "total_usd": 504.99
}