{
  "timestamp": "2026-02-15T21:07:11.112684",
  "wallet_address": "CdJSUeHX49eFK8hixbfDKNRLTakYcy59MbVEh8pDnn9U",
  "sol_balance": 0.30744257,
  "usdc_balance": 440.97533,
  "wbtc_balance": 0.00028823,
  "bnb_balance": 0.03175978,
  "other_tokens": [],
  "sol_price_usd": 89.1,
  "btc_price_usd": 70216,
  "bnb_price_usd": 628.47,
  "sol_value_usd": 27.393132987,
  "wbtc_value_usd": 20.23835768,
  "bnb_value_usd": 19.960068936600003,
  "total_usd": 508.5668896036
}