{
  "timestamp": "2026-02-19T18:06:06.146239",
  "wallet_address": "CdJSUeHX49eFK8hixbfDKNRLTakYcy59MbVEh8pDnn9U",
  "sol_balance": 0.698147892,
  "usdc_balance": 144.191321,
  "wbtc_balance": 0,
  "bnb_balance": 0.04898556,
  "sol_price_usd": 81.69,
  "btc_price_usd": 66946,
  "bnb_price_usd": 606.39,
  "eth_price_usd": 1971.1,
  "sol_value_usd": 57.031701297480005,
  "wbtc_value_usd": 0,
  "bnb_value_usd": 29.704353728399997,
  "total_usd": 230.93,
  "meme_holdings": {}
}