{
  "timestamp": "2026-02-19T08:59:09.247904",
  "wallet_address": "CdJSUeHX49eFK8hixbfDKNRLTakYcy59MbVEh8pDnn9U",
  "sol_balance": 0.765263603,
  "usdc_balance": 144.191321,
  "wbtc_balance": 0,
  "bnb_balance": 0.04898556,
  "sol_price_usd": 81.47,
  "btc_price_usd": 66434,
  "bnb_price_usd": 604.84,
  "eth_price_usd": 1953.52,
  "sol_value_usd": 62.34602573641,
  "wbtc_value_usd": 0,
  "bnb_value_usd": 29.6284261104,
  "total_usd": 236.17,
  "meme_holdings": {}
}