{
  "timestamp": "2026-02-19T05:14:29.738898",
  "wallet_address": "CdJSUeHX49eFK8hixbfDKNRLTakYcy59MbVEh8pDnn9U",
  "sol_balance": 0.856969964,
  "usdc_balance": 145.73442,
  "wbtc_balance": 0,
  "bnb_balance": 0.04898556,
  "sol_price_usd": 81.0,
  "btc_price_usd": 66232,
  "bnb_price_usd": 603.91,
  "eth_price_usd": 1939.45,
  "sol_value_usd": 69.414567084,
  "wbtc_value_usd": 0,
  "bnb_value_usd": 29.582869539599997,
  "total_usd": 244.73,
  "meme_holdings": {}
}