{
  "timestamp": "2026-02-22T05:16:37.701702",
  "wallet_address": "CdJSUeHX49eFK8hixbfDKNRLTakYcy59MbVEh8pDnn9U",
  "sol_balance": 0.61941447,
  "usdc_balance": 50.95271,
  "wbtc_balance": 0,
  "bnb_balance": 0.04898556,
  "sol_price_usd": 86.11,
  "btc_price_usd": 68472,
  "bnb_price_usd": 626.49,
  "eth_price_usd": 1987.08,
  "sol_value_usd": 53.337780011700005,
  "wbtc_value_usd": 0,
  "bnb_value_usd": 30.6889634844,
  "total_usd": 134.98,
  "meme_holdings": {}
}