{
  "timestamp": "2026-02-19T10:52:53.983904",
  "wallet_address": "CdJSUeHX49eFK8hixbfDKNRLTakYcy59MbVEh8pDnn9U",
  "sol_balance": 0.755359197,
  "usdc_balance": 144.191321,
  "wbtc_balance": 0,
  "bnb_balance": 0.04898556,
  "sol_price_usd": 81.74,
  "btc_price_usd": 66762,
  "bnb_price_usd": 606.02,
  "eth_price_usd": 1965.65,
  "sol_value_usd": 61.74306076278,
  "wbtc_value_usd": 0,
  "bnb_value_usd": 29.686229071199996,
  "total_usd": 235.62,
  "meme_holdings": {}
}