{
  "timestamp": "2026-02-19T18:59:29.915275",
  "wallet_address": "CdJSUeHX49eFK8hixbfDKNRLTakYcy59MbVEh8pDnn9U",
  "sol_balance": 0.698147892,
  "usdc_balance": 144.191321,
  "wbtc_balance": 0,
  "bnb_balance": 0.04898556,
  "sol_price_usd": 81.38,
  "btc_price_usd": 66829,
  "bnb_price_usd": 606.28,
  "eth_price_usd": 1964.11,
  "sol_value_usd": 56.81527545096,
  "wbtc_value_usd": 0,
  "bnb_value_usd": 29.698965316799995,
  "total_usd": 230.71,
  "meme_holdings": {}
}