{
  "timestamp": "2026-02-18T21:22:07.220850",
  "wallet_address": "CdJSUeHX49eFK8hixbfDKNRLTakYcy59MbVEh8pDnn9U",
  "sol_balance": 0.89040644,
  "usdc_balance": 67.443709,
  "wbtc_balance": 0,
  "bnb_balance": 0.04898556,
  "sol_price_usd": 83.17,
  "btc_price_usd": 67576,
  "bnb_price_usd": 615.59,
  "eth_price_usd": 1983.7,
  "sol_value_usd": 74.0551036148,
  "wbtc_value_usd": 0,
  "bnb_value_usd": 30.1550208804,
  "total_usd": 270.61,
  "meme_holdings": {}
}