{
  "timestamp": "2026-02-16T15:08:10.239972",
  "wallet_address": "CdJSUeHX49eFK8hixbfDKNRLTakYcy59MbVEh8pDnn9U",
  "sol_balance": 0.215416355,
  "usdc_balance": 461.190127,
  "wbtc_balance": 1e-08,
  "bnb_balance": 0.03265508,
  "sol_price_usd": 84.64,
  "btc_price_usd": 68346,
  "bnb_price_usd": 612.04,
  "eth_price_usd": 1956.69,
  "sol_value_usd": 18.232840287200002,
  "wbtc_value_usd": 0.00068346,
  "bnb_value_usd": 19.9862151632,
  "total_usd": 499.41
}