{
  "timestamp": "2026-02-19T11:28:50.245242",
  "wallet_address": "CdJSUeHX49eFK8hixbfDKNRLTakYcy59MbVEh8pDnn9U",
  "sol_balance": 0.755359197,
  "usdc_balance": 144.191321,
  "wbtc_balance": 0,
  "bnb_balance": 0.04898556,
  "sol_price_usd": 81.82,
  "btc_price_usd": 66806,
  "bnb_price_usd": 605.88,
  "eth_price_usd": 1968.08,
  "sol_value_usd": 61.803489498539996,
  "wbtc_value_usd": 0,
  "bnb_value_usd": 29.679371092799997,
  "total_usd": 235.67,
  "meme_holdings": {}
}