{
  "timestamp": "2026-02-16T01:37:48.679083",
  "wallet_address": "CdJSUeHX49eFK8hixbfDKNRLTakYcy59MbVEh8pDnn9U",
  "sol_balance": 0.043033015,
  "usdc_balance": 462.762535,
  "wbtc_balance": 0.00028823,
  "bnb_balance": 0.03222343,
  "sol_price_usd": 87.32,
  "btc_price_usd": 68917,
  "bnb_price_usd": 618.73,
  "sol_value_usd": 3.7576428697999997,
  "wbtc_value_usd": 19.86394691,
  "bnb_value_usd": 19.9376028439,
  "total_usd": 506.32
}