{
  "timestamp": "2026-02-16T04:38:07.345802",
  "wallet_address": "CdJSUeHX49eFK8hixbfDKNRLTakYcy59MbVEh8pDnn9U",
  "sol_balance": 0.042910902,
  "usdc_balance": 482.057735,
  "wbtc_balance": 1e-08,
  "bnb_balance": 0.03265508,
  "sol_price_usd": 85.97,
  "btc_price_usd": 68478,
  "bnb_price_usd": 612.91,
  "sol_value_usd": 3.6890502449400002,
  "wbtc_value_usd": 0.0006847800000000001,
  "bnb_value_usd": 20.014625082800002,
  "total_usd": 505.76
}