{
  "timestamp": "2026-02-16T13:35:49.259181",
  "wallet_address": "CdJSUeHX49eFK8hixbfDKNRLTakYcy59MbVEh8pDnn9U",
  "sol_balance": 0.272008653,
  "usdc_balance": 461.714844,
  "wbtc_balance": 1e-08,
  "bnb_balance": 0.03265508,
  "sol_price_usd": 85.46,
  "btc_price_usd": 68746,
  "bnb_price_usd": 616.09,
  "eth_price_usd": 1967.32,
  "sol_value_usd": 23.24585948538,
  "wbtc_value_usd": 0.00068746,
  "bnb_value_usd": 20.118468237200002,
  "total_usd": 505.08
}