{
  "timestamp": "2026-02-16T09:23:53.961293",
  "wallet_address": "CdJSUeHX49eFK8hixbfDKNRLTakYcy59MbVEh8pDnn9U",
  "sol_balance": 0.277131782,
  "usdc_balance": 462.057735,
  "wbtc_balance": 1e-08,
  "bnb_balance": 0.03265508,
  "sol_price_usd": 86.21,
  "btc_price_usd": 68956,
  "bnb_price_usd": 615.77,
  "sol_value_usd": 23.891530926219996,
  "wbtc_value_usd": 0.00068956,
  "bnb_value_usd": 20.108018611600002,
  "total_usd": 506.06
}