{
  "timestamp": "2026-02-16T10:23:27.553835",
  "wallet_address": "CdJSUeHX49eFK8hixbfDKNRLTakYcy59MbVEh8pDnn9U",
  "sol_balance": 0.277131782,
  "usdc_balance": 462.057735,
  "wbtc_balance": 1e-08,
  "bnb_balance": 0.03265508,
  "sol_price_usd": 86.29,
  "btc_price_usd": 68856,
  "bnb_price_usd": 616.81,
  "sol_value_usd": 23.91370146878,
  "wbtc_value_usd": 0.0006885600000000001,
  "bnb_value_usd": 20.1419798948,
  "total_usd": 506.11
}