{
  "timestamp": "2026-02-16T11:24:06.129821",
  "wallet_address": "CdJSUeHX49eFK8hixbfDKNRLTakYcy59MbVEh8pDnn9U",
  "sol_balance": 0.277131782,
  "usdc_balance": 462.057735,
  "wbtc_balance": 1e-08,
  "bnb_balance": 0.03265508,
  "sol_price_usd": 86.02,
  "btc_price_usd": 68447,
  "bnb_price_usd": 614.66,
  "eth_price_usd": 1960.01,
  "sol_value_usd": 23.838875887639997,
  "wbtc_value_usd": 0.0006844700000000001,
  "bnb_value_usd": 20.071771472800002,
  "total_usd": 505.97
}