{
  "timestamp": "2026-02-22T02:47:48.703886",
  "wallet_address": "CdJSUeHX49eFK8hixbfDKNRLTakYcy59MbVEh8pDnn9U",
  "sol_balance": 0.61941447,
  "usdc_balance": 50.95271,
  "wbtc_balance": 0,
  "bnb_balance": 0.04898556,
  "sol_price_usd": 86.28,
  "btc_price_usd": 68387,
  "bnb_price_usd": 627.58,
  "eth_price_usd": 1989.12,
  "sol_value_usd": 53.443080471600005,
  "wbtc_value_usd": 0,
  "bnb_value_usd": 30.7423577448,
  "total_usd": 135.14,
  "meme_holdings": {}
}