{
  "timestamp": "2026-02-19T17:52:45.792958",
  "wallet_address": "CdJSUeHX49eFK8hixbfDKNRLTakYcy59MbVEh8pDnn9U",
  "sol_balance": 0.698147892,
  "usdc_balance": 144.191321,
  "wbtc_balance": 0,
  "bnb_balance": 0.04898556,
  "sol_price_usd": 81.67,
  "btc_price_usd": 66890,
  "bnb_price_usd": 606.02,
  "eth_price_usd": 1967.94,
  "sol_value_usd": 57.017738339640005,
  "wbtc_value_usd": 0,
  "bnb_value_usd": 29.686229071199996,
  "total_usd": 230.9,
  "meme_holdings": {}
}