{
  "timestamp": "2026-02-16T00:52:43.817710",
  "wallet_address": "CdJSUeHX49eFK8hixbfDKNRLTakYcy59MbVEh8pDnn9U",
  "sol_balance": 0.050431771,
  "usdc_balance": 462.807952,
  "wbtc_balance": 0.00028823,
  "bnb_balance": 0.03222343,
  "sol_price_usd": 87.18,
  "btc_price_usd": 69021,
  "bnb_price_usd": 620.7,
  "sol_value_usd": 4.396641795780001,
  "wbtc_value_usd": 19.89392283,
  "bnb_value_usd": 20.001083001,
  "total_usd": 507.1
}