{
  "timestamp": "2026-02-15T11:07:09.141721",
  "wallet_address": "CdJSUeHX49eFK8hixbfDKNRLTakYcy59MbVEh8pDnn9U",
  "sol_balance": 0.085100463,
  "usdc_balance": 480.97533,
  "sol_price_usd": 88.19,
  "btc_price_usd": 69623,
  "sol_value_usd": 7.50500983197,
  "total_usd": 488.48033983197
}