{
  "timestamp": "2026-02-18T17:26:10.742650",
  "wallet_address": "CdJSUeHX49eFK8hixbfDKNRLTakYcy59MbVEh8pDnn9U",
  "sol_balance": 1.144016678,
  "usdc_balance": 167.443709,
  "wbtc_balance": 0,
  "bnb_balance": 0.04898556,
  "sol_price_usd": 85.47,
  "btc_price_usd": 68331,
  "bnb_price_usd": 621.12,
  "eth_price_usd": 2024.85,
  "sol_value_usd": 97.77910546866,
  "wbtc_value_usd": 0,
  "bnb_value_usd": 30.425911027199998,
  "total_usd": 295.65,
  "meme_holdings": {}
}