{
  "timestamp": "2026-02-18T19:22:04.358992",
  "wallet_address": "CdJSUeHX49eFK8hixbfDKNRLTakYcy59MbVEh8pDnn9U",
  "sol_balance": 1.081870885,
  "usdc_balance": 167.443709,
  "wbtc_balance": 0,
  "bnb_balance": 0.04898556,
  "sol_price_usd": 85.07,
  "btc_price_usd": 68066,
  "bnb_price_usd": 622.7,
  "eth_price_usd": 2013.92,
  "sol_value_usd": 92.03475618694999,
  "wbtc_value_usd": 0,
  "bnb_value_usd": 30.503308212,
  "total_usd": 289.98,
  "meme_holdings": {}
}