{
  "timestamp": "2026-02-19T00:24:48.038351",
  "wallet_address": "CdJSUeHX49eFK8hixbfDKNRLTakYcy59MbVEh8pDnn9U",
  "sol_balance": 0.856969964,
  "usdc_balance": 145.73442,
  "wbtc_balance": 0,
  "bnb_balance": 0.04898556,
  "sol_price_usd": 82.8,
  "btc_price_usd": 67445,
  "bnb_price_usd": 614.01,
  "eth_price_usd": 1987.65,
  "sol_value_usd": 70.9571130192,
  "wbtc_value_usd": 0,
  "bnb_value_usd": 30.077623695599996,
  "total_usd": 246.77,
  "meme_holdings": {}
}