{
  "timestamp": "2026-02-21T23:18:14.026691",
  "wallet_address": "CdJSUeHX49eFK8hixbfDKNRLTakYcy59MbVEh8pDnn9U",
  "sol_balance": 0.62214143,
  "usdc_balance": 51.949887,
  "wbtc_balance": 0,
  "bnb_balance": 0.04898556,
  "sol_price_usd": 85.7,
  "btc_price_usd": 68210,
  "bnb_price_usd": 632.56,
  "eth_price_usd": 1980.86,
  "sol_value_usd": 53.317520551,
  "wbtc_value_usd": 0,
  "bnb_value_usd": 30.986305833599996,
  "total_usd": 136.25,
  "meme_holdings": {}
}