{
  "timestamp": "2026-02-18T18:27:42.192511",
  "wallet_address": "CdJSUeHX49eFK8hixbfDKNRLTakYcy59MbVEh8pDnn9U",
  "sol_balance": 1.119599364,
  "usdc_balance": 167.443709,
  "wbtc_balance": 0,
  "bnb_balance": 0.04898556,
  "sol_price_usd": 85.56,
  "btc_price_usd": 68183,
  "bnb_price_usd": 623.3,
  "eth_price_usd": 2018.36,
  "sol_value_usd": 95.79292158384,
  "wbtc_value_usd": 0,
  "bnb_value_usd": 30.532699547999997,
  "total_usd": 293.77,
  "meme_holdings": {}
}