{
  "timestamp": "2026-02-15T22:56:47.081178",
  "wallet_address": "CdJSUeHX49eFK8hixbfDKNRLTakYcy59MbVEh8pDnn9U",
  "sol_balance": 0.049837324,
  "usdc_balance": 463.139243,
  "wbtc_balance": 0.00028823,
  "bnb_balance": 0.03222343,
  "sol_price_usd": 87.07,
  "btc_price_usd": 68830,
  "bnb_price_usd": 616.69,
  "sol_value_usd": 4.33933580068,
  "wbtc_value_usd": 19.8388709,
  "bnb_value_usd": 19.8718670467,
  "total_usd": 507.19
}