{
  "timestamp": "2026-02-22T01:22:34.734394",
  "wallet_address": "CdJSUeHX49eFK8hixbfDKNRLTakYcy59MbVEh8pDnn9U",
  "sol_balance": 0.62214143,
  "usdc_balance": 51.949887,
  "wbtc_balance": 0,
  "bnb_balance": 0.04898556,
  "sol_price_usd": 86.16,
  "btc_price_usd": 68334,
  "bnb_price_usd": 624.79,
  "eth_price_usd": 1981.15,
  "sol_value_usd": 53.6037056088,
  "wbtc_value_usd": 0,
  "bnb_value_usd": 30.605688032399996,
  "total_usd": 136.16,
  "meme_holdings": {}
}