{
  "timestamp": "2026-02-16T03:22:59.325882",
  "wallet_address": "CdJSUeHX49eFK8hixbfDKNRLTakYcy59MbVEh8pDnn9U",
  "sol_balance": 0.043004543,
  "usdc_balance": 482.429288,
  "wbtc_balance": 1e-08,
  "bnb_balance": 0.03222343,
  "sol_price_usd": 86.39,
  "btc_price_usd": 68657,
  "bnb_price_usd": 613.58,
  "sol_value_usd": 3.71516246977,
  "wbtc_value_usd": 0.0006865700000000001,
  "bnb_value_usd": 19.7716521794,
  "total_usd": 505.92
}