{
  "timestamp": "2026-02-22T00:07:31.000319",
  "wallet_address": "CdJSUeHX49eFK8hixbfDKNRLTakYcy59MbVEh8pDnn9U",
  "sol_balance": 0.62214143,
  "usdc_balance": 51.949887,
  "wbtc_balance": 0,
  "bnb_balance": 0.04898556,
  "sol_price_usd": 86.29,
  "btc_price_usd": 68416,
  "bnb_price_usd": 632.35,
  "eth_price_usd": 1986.67,
  "sol_value_usd": 53.684583994700006,
  "wbtc_value_usd": 0,
  "bnb_value_usd": 30.976018866,
  "total_usd": 136.61,
  "meme_holdings": {}
}