{
  "timestamp": "2026-02-16T10:36:49.251614",
  "wallet_address": "CdJSUeHX49eFK8hixbfDKNRLTakYcy59MbVEh8pDnn9U",
  "sol_balance": 0.277131782,
  "usdc_balance": 462.057735,
  "wbtc_balance": 1e-08,
  "bnb_balance": 0.03265508,
  "sol_price_usd": 85.97,
  "btc_price_usd": 68680,
  "bnb_price_usd": 614.79,
  "eth_price_usd": 1966.12,
  "sol_value_usd": 23.82501929854,
  "wbtc_value_usd": 0.0006868,
  "bnb_value_usd": 20.076016633200002,
  "total_usd": 505.96
}