{
  "timestamp": "2026-02-19T06:56:05.514616",
  "wallet_address": "CdJSUeHX49eFK8hixbfDKNRLTakYcy59MbVEh8pDnn9U",
  "sol_balance": 0.856969964,
  "usdc_balance": 145.73442,
  "wbtc_balance": 0,
  "bnb_balance": 0.04898556,
  "sol_price_usd": 81.45,
  "btc_price_usd": 66421,
  "bnb_price_usd": 605.28,
  "eth_price_usd": 1943.21,
  "sol_value_usd": 69.80020356780001,
  "wbtc_value_usd": 0,
  "bnb_value_usd": 29.649979756799997,
  "total_usd": 245.18,
  "meme_holdings": {}
}