{
  "timestamp": "2026-02-21T21:08:50.121060",
  "wallet_address": "CdJSUeHX49eFK8hixbfDKNRLTakYcy59MbVEh8pDnn9U",
  "sol_balance": 0.62214143,
  "usdc_balance": 51.949887,
  "wbtc_balance": 0,
  "bnb_balance": 0.04898556,
  "sol_price_usd": 85.39,
  "btc_price_usd": 68104,
  "bnb_price_usd": 630.26,
  "eth_price_usd": 1977.31,
  "sol_value_usd": 53.1246567077,
  "wbtc_value_usd": 0,
  "bnb_value_usd": 30.873639045599997,
  "total_usd": 135.95,
  "meme_holdings": {}
}