{
  "timestamp": "2026-02-18T15:50:47.758247",
  "wallet_address": "CdJSUeHX49eFK8hixbfDKNRLTakYcy59MbVEh8pDnn9U",
  "sol_balance": 1.144034019,
  "usdc_balance": 66.208852,
  "wbtc_balance": 0,
  "bnb_balance": 0.04898556,
  "sol_price_usd": 85.1,
  "btc_price_usd": 67888,
  "bnb_price_usd": 617.09,
  "eth_price_usd": 2004.48,
  "sol_value_usd": 97.3572950169,
  "wbtc_value_usd": 0,
  "bnb_value_usd": 30.2284992204,
  "total_usd": 294.82,
  "meme_holdings": {}
}