{
  "timestamp": "2026-02-22T04:46:52.754600",
  "wallet_address": "CdJSUeHX49eFK8hixbfDKNRLTakYcy59MbVEh8pDnn9U",
  "sol_balance": 0.61941447,
  "usdc_balance": 50.95271,
  "wbtc_balance": 0,
  "bnb_balance": 0.04898556,
  "sol_price_usd": 86.46,
  "btc_price_usd": 68605,
  "bnb_price_usd": 627.75,
  "eth_price_usd": 1990.48,
  "sol_value_usd": 53.5545750762,
  "wbtc_value_usd": 0,
  "bnb_value_usd": 30.75068529,
  "total_usd": 135.26,
  "meme_holdings": {}
}