{
  "timestamp": "2026-02-19T05:04:13.819793",
  "wallet_address": "CdJSUeHX49eFK8hixbfDKNRLTakYcy59MbVEh8pDnn9U",
  "sol_balance": 0.856969964,
  "usdc_balance": 145.73442,
  "wbtc_balance": 0,
  "bnb_balance": 0.04898556,
  "sol_price_usd": 80.85,
  "btc_price_usd": 66133,
  "bnb_price_usd": 602.55,
  "eth_price_usd": 1936.05,
  "sol_value_usd": 69.2860215894,
  "wbtc_value_usd": 0,
  "bnb_value_usd": 29.516249177999995,
  "total_usd": 244.54,
  "meme_holdings": {}
}