{
  "timestamp": "2026-02-22T08:37:26.802656",
  "wallet_address": "CdJSUeHX49eFK8hixbfDKNRLTakYcy59MbVEh8pDnn9U",
  "sol_balance": 1.184232958,
  "usdc_balance": 1.273818,
  "wbtc_balance": 1.876e-05,
  "bnb_balance": 0.04898556,
  "sol_price_usd": 85.32,
  "btc_price_usd": 68060,
  "bnb_price_usd": 625.63,
  "eth_price_usd": 1976.33,
  "sol_value_usd": 101.03875597655998,
  "wbtc_value_usd": 1.2768056,
  "bnb_value_usd": 30.6468359028,
  "total_usd": 134.24,
  "meme_holdings": {}
}