{
  "timestamp": "2026-02-19T10:30:20.553975",
  "wallet_address": "CdJSUeHX49eFK8hixbfDKNRLTakYcy59MbVEh8pDnn9U",
  "sol_balance": 0.756953781,
  "usdc_balance": 144.191321,
  "wbtc_balance": 0,
  "bnb_balance": 0.04898556,
  "sol_price_usd": 81.73,
  "btc_price_usd": 66581,
  "bnb_price_usd": 604.68,
  "eth_price_usd": 1962.25,
  "sol_value_usd": 61.86583252113,
  "wbtc_value_usd": 0,
  "bnb_value_usd": 29.620588420799997,
  "total_usd": 235.68,
  "meme_holdings": {}
}