{
  "timestamp": "2026-02-19T03:23:36.286226",
  "wallet_address": "CdJSUeHX49eFK8hixbfDKNRLTakYcy59MbVEh8pDnn9U",
  "sol_balance": 0.856969964,
  "usdc_balance": 145.73442,
  "wbtc_balance": 0,
  "bnb_balance": 0.04898556,
  "sol_price_usd": 82.16,
  "btc_price_usd": 67032,
  "bnb_price_usd": 614.85,
  "eth_price_usd": 1968.88,
  "sol_value_usd": 70.40865224224,
  "wbtc_value_usd": 0,
  "bnb_value_usd": 30.118771566,
  "total_usd": 246.26,
  "meme_holdings": {}
}