{
  "timestamp": "2026-02-16T00:22:40.198251",
  "wallet_address": "CdJSUeHX49eFK8hixbfDKNRLTakYcy59MbVEh8pDnn9U",
  "sol_balance": 0.161475608,
  "usdc_balance": 453.148177,
  "wbtc_balance": 0.00028823,
  "bnb_balance": 0.03222343,
  "sol_price_usd": 87.53,
  "btc_price_usd": 69115,
  "bnb_price_usd": 621.94,
  "sol_value_usd": 14.13395996824,
  "wbtc_value_usd": 19.92101645,
  "bnb_value_usd": 20.0410400542,
  "total_usd": 507.24
}