{
  "timestamp": "2026-02-18T18:31:48.101675",
  "wallet_address": "CdJSUeHX49eFK8hixbfDKNRLTakYcy59MbVEh8pDnn9U",
  "sol_balance": 1.119599364,
  "usdc_balance": 167.443709,
  "wbtc_balance": 0,
  "bnb_balance": 0.04898556,
  "sol_price_usd": 85.58,
  "btc_price_usd": 68160,
  "bnb_price_usd": 622.81,
  "eth_price_usd": 2019.52,
  "sol_value_usd": 95.81531357111999,
  "wbtc_value_usd": 0,
  "bnb_value_usd": 30.508696623599995,
  "total_usd": 293.77,
  "meme_holdings": {}
}