{
  "timestamp": "2026-02-18T16:46:12.009646",
  "wallet_address": "CdJSUeHX49eFK8hixbfDKNRLTakYcy59MbVEh8pDnn9U",
  "sol_balance": 1.144034019,
  "usdc_balance": 66.208852,
  "wbtc_balance": 0,
  "bnb_balance": 0.04898556,
  "sol_price_usd": 84.8,
  "btc_price_usd": 67850,
  "bnb_price_usd": 615.99,
  "eth_price_usd": 2002.56,
  "sol_value_usd": 97.0140848112,
  "wbtc_value_usd": 0,
  "bnb_value_usd": 30.174615104399997,
  "total_usd": 294.32,
  "meme_holdings": {}
}