{
  "timestamp": "2026-02-15T22:22:25.186577",
  "wallet_address": "CdJSUeHX49eFK8hixbfDKNRLTakYcy59MbVEh8pDnn9U",
  "sol_balance": 0.049917591,
  "usdc_balance": 463.52095,
  "wbtc_balance": 0.00028823,
  "bnb_balance": 0.03175978,
  "other_tokens": [],
  "sol_price_usd": 88.06,
  "btc_price_usd": 69485,
  "bnb_price_usd": 622.95,
  "sol_value_usd": 4.395743063459999,
  "wbtc_value_usd": 20.02766155,
  "bnb_value_usd": 19.784754951000004,
  "total_usd": 507.72910956446003
}