{
  "timestamp": "2026-02-19T14:41:43.859572",
  "wallet_address": "CdJSUeHX49eFK8hixbfDKNRLTakYcy59MbVEh8pDnn9U",
  "sol_balance": 0.744869857,
  "usdc_balance": 144.191321,
  "wbtc_balance": 0,
  "bnb_balance": 0.04898556,
  "sol_price_usd": 81.65,
  "btc_price_usd": 66719,
  "bnb_price_usd": 607.06,
  "eth_price_usd": 1965.36,
  "sol_value_usd": 60.81862382405,
  "wbtc_value_usd": 0,
  "bnb_value_usd": 29.737174053599997,
  "total_usd": 234.75,
  "meme_holdings": {}
}