{
  "timestamp": "2026-02-16T04:23:05.513757",
  "wallet_address": "CdJSUeHX49eFK8hixbfDKNRLTakYcy59MbVEh8pDnn9U",
  "sol_balance": 0.042910902,
  "usdc_balance": 482.057735,
  "wbtc_balance": 1e-08,
  "bnb_balance": 0.03265508,
  "sol_price_usd": 85.79,
  "btc_price_usd": 68111,
  "bnb_price_usd": 610.05,
  "sol_value_usd": 3.68132628258,
  "wbtc_value_usd": 0.00068111,
  "bnb_value_usd": 19.921231554000002,
  "total_usd": 505.66
}