{
  "timestamp": "2026-02-18T20:55:26.518766",
  "wallet_address": "CdJSUeHX49eFK8hixbfDKNRLTakYcy59MbVEh8pDnn9U",
  "sol_balance": 0.90399023,
  "usdc_balance": 67.443709,
  "wbtc_balance": 0,
  "bnb_balance": 0.04898556,
  "sol_price_usd": 83.32,
  "btc_price_usd": 67481,
  "bnb_price_usd": 615.64,
  "eth_price_usd": 1985.7,
  "sol_value_usd": 75.3204659636,
  "wbtc_value_usd": 0,
  "bnb_value_usd": 30.1574701584,
  "total_usd": 271.98,
  "meme_holdings": {}
}