{
  "timestamp": "2026-02-16T13:24:28.715501",
  "wallet_address": "CdJSUeHX49eFK8hixbfDKNRLTakYcy59MbVEh8pDnn9U",
  "sol_balance": 0.272093264,
  "usdc_balance": 461.842791,
  "wbtc_balance": 1e-08,
  "bnb_balance": 0.03265508,
  "sol_price_usd": 85.36,
  "btc_price_usd": 68703,
  "bnb_price_usd": 615.72,
  "eth_price_usd": 1966.9,
  "sol_value_usd": 23.22588101504,
  "wbtc_value_usd": 0.00068703,
  "bnb_value_usd": 20.106385857600003,
  "total_usd": 505.18
}