{
  "timestamp": "2026-02-16T07:23:24.280553",
  "wallet_address": "CdJSUeHX49eFK8hixbfDKNRLTakYcy59MbVEh8pDnn9U",
  "sol_balance": 0.277131782,
  "usdc_balance": 462.057735,
  "wbtc_balance": 1e-08,
  "bnb_balance": 0.03265508,
  "sol_price_usd": 86.41,
  "btc_price_usd": 68841,
  "bnb_price_usd": 614.82,
  "sol_value_usd": 23.946957282619998,
  "wbtc_value_usd": 0.00068841,
  "bnb_value_usd": 20.076996285600003,
  "total_usd": 506.08
}