{
  "timestamp": "2026-02-19T04:43:40.889406",
  "wallet_address": "CdJSUeHX49eFK8hixbfDKNRLTakYcy59MbVEh8pDnn9U",
  "sol_balance": 0.856969964,
  "usdc_balance": 145.73442,
  "wbtc_balance": 0,
  "bnb_balance": 0.04898556,
  "sol_price_usd": 80.76,
  "btc_price_usd": 65916,
  "bnb_price_usd": 601.9,
  "eth_price_usd": 1927.71,
  "sol_value_usd": 69.20889429264001,
  "wbtc_value_usd": 0,
  "bnb_value_usd": 29.484408564,
  "total_usd": 244.43,
  "meme_holdings": {}
}