{
  "timestamp": "2026-02-15T22:52:31.036915",
  "wallet_address": "CdJSUeHX49eFK8hixbfDKNRLTakYcy59MbVEh8pDnn9U",
  "sol_balance": 0.049837324,
  "usdc_balance": 463.139243,
  "wbtc_balance": 0.00028823,
  "bnb_balance": 0.03222343,
  "other_tokens": [],
  "sol_price_usd": 87.23,
  "btc_price_usd": 68825,
  "bnb_price_usd": 616.36,
  "sol_value_usd": 4.34730977252,
  "wbtc_value_usd": 19.83742975,
  "bnb_value_usd": 19.8612333148,
  "total_usd": 507.1852158373201
}