{
  "timestamp": "2026-02-18T09:35:40.138266",
  "wallet_address": "CdJSUeHX49eFK8hixbfDKNRLTakYcy59MbVEh8pDnn9U",
  "sol_balance": 1.073753347,
  "usdc_balance": 170.092669,
  "wbtc_balance": 0,
  "bnb_balance": 0.04898556,
  "sol_price_usd": 85.13,
  "btc_price_usd": 67443,
  "bnb_price_usd": 617.05,
  "eth_price_usd": 1989.59,
  "sol_value_usd": 91.40862243011,
  "wbtc_value_usd": 0,
  "bnb_value_usd": 30.226539797999997,
  "total_usd": 291.73,
  "meme_holdings": {}
}