{
  "timestamp": "2026-02-18T10:15:37.260746",
  "wallet_address": "CdJSUeHX49eFK8hixbfDKNRLTakYcy59MbVEh8pDnn9U",
  "sol_balance": 1.071586622,
  "usdc_balance": 70.092669,
  "wbtc_balance": 0,
  "bnb_balance": 0.04898556,
  "sol_price_usd": 84.73,
  "btc_price_usd": 67144,
  "bnb_price_usd": 614.44,
  "eth_price_usd": 1975.57,
  "sol_value_usd": 90.79553448206,
  "wbtc_value_usd": 0,
  "bnb_value_usd": 30.0986874864,
  "total_usd": 290.55,
  "meme_holdings": {}
}