{
  "timestamp": "2026-02-18T21:59:03.188134",
  "wallet_address": "CdJSUeHX49eFK8hixbfDKNRLTakYcy59MbVEh8pDnn9U",
  "sol_balance": 0.890398904,
  "usdc_balance": 165.73442,
  "wbtc_balance": 0,
  "bnb_balance": 0.04898556,
  "sol_price_usd": 82.93,
  "btc_price_usd": 67522,
  "bnb_price_usd": 616.01,
  "eth_price_usd": 1983.9,
  "sol_value_usd": 73.84078110872001,
  "wbtc_value_usd": 0,
  "bnb_value_usd": 30.175594815599997,
  "total_usd": 269.75,
  "meme_holdings": {}
}