{
  "timestamp": "2026-02-22T06:35:32.939303",
  "wallet_address": "CdJSUeHX49eFK8hixbfDKNRLTakYcy59MbVEh8pDnn9U",
  "sol_balance": 1.18627848,
  "usdc_balance": 2.547636,
  "wbtc_balance": 0,
  "bnb_balance": 0.04898556,
  "sol_price_usd": 85.63,
  "btc_price_usd": 68348,
  "bnb_price_usd": 625.72,
  "eth_price_usd": 1979.04,
  "sol_value_usd": 101.58102624239999,
  "wbtc_value_usd": 0,
  "bnb_value_usd": 30.6512446032,
  "total_usd": 134.78,
  "meme_holdings": {}
}