{
  "timestamp": "2026-02-19T07:37:09.444611",
  "wallet_address": "CdJSUeHX49eFK8hixbfDKNRLTakYcy59MbVEh8pDnn9U",
  "sol_balance": 0.804289132,
  "usdc_balance": 144.191321,
  "wbtc_balance": 0,
  "bnb_balance": 0.04898556,
  "sol_price_usd": 81.17,
  "btc_price_usd": 66298,
  "bnb_price_usd": 603.22,
  "eth_price_usd": 1940.94,
  "sol_value_usd": 65.28414884444,
  "wbtc_value_usd": 0,
  "bnb_value_usd": 29.5490695032,
  "total_usd": 239.02,
  "meme_holdings": {}
}