{
  "timestamp": "2026-02-15T19:51:35.905722",
  "wallet_address": "CdJSUeHX49eFK8hixbfDKNRLTakYcy59MbVEh8pDnn9U",
  "sol_balance": 0.082850471,
  "usdc_balance": 460.97533,
  "wbtc_balance": 0.00028823,
  "bnb_balance": 0.03175978,
  "other_tokens": [],
  "sol_price_usd": 89.49,
  "btc_price_usd": 70473,
  "bnb_price_usd": 629.65,
  "sol_value_usd": 7.414288649789999,
  "wbtc_value_usd": 20.31243279,
  "bnb_value_usd": 19.997545477,
  "total_usd": 508.69959691679003
}