{
  "timestamp": "2026-02-19T19:40:34.229261",
  "wallet_address": "CdJSUeHX49eFK8hixbfDKNRLTakYcy59MbVEh8pDnn9U",
  "sol_balance": 0.692668209,
  "usdc_balance": 144.191321,
  "wbtc_balance": 0,
  "bnb_balance": 0.04898556,
  "sol_price_usd": 81.64,
  "btc_price_usd": 66815,
  "bnb_price_usd": 606.6,
  "eth_price_usd": 1963.42,
  "sol_value_usd": 56.549432582760005,
  "wbtc_value_usd": 0,
  "bnb_value_usd": 29.714640696,
  "total_usd": 230.46,
  "meme_holdings": {}
}