{
  "timestamp": "2026-02-18T17:54:53.132115",
  "wallet_address": "CdJSUeHX49eFK8hixbfDKNRLTakYcy59MbVEh8pDnn9U",
  "sol_balance": 1.144016678,
  "usdc_balance": 167.443709,
  "wbtc_balance": 0,
  "bnb_balance": 0.04898556,
  "sol_price_usd": 85.5,
  "btc_price_usd": 68135,
  "bnb_price_usd": 623.91,
  "eth_price_usd": 2021.85,
  "sol_value_usd": 97.81342596900001,
  "wbtc_value_usd": 0,
  "bnb_value_usd": 30.562580739599998,
  "total_usd": 295.82,
  "meme_holdings": {}
}