{
  "timestamp": "2026-02-19T16:15:11.861801",
  "wallet_address": "CdJSUeHX49eFK8hixbfDKNRLTakYcy59MbVEh8pDnn9U",
  "sol_balance": 0.744806794,
  "usdc_balance": 144.191321,
  "wbtc_balance": 0,
  "bnb_balance": 0.04898556,
  "sol_price_usd": 82.28,
  "btc_price_usd": 67058,
  "bnb_price_usd": 612.12,
  "eth_price_usd": 1980.73,
  "sol_value_usd": 61.282703010320006,
  "wbtc_value_usd": 0,
  "bnb_value_usd": 29.985040987199998,
  "total_usd": 235.46,
  "meme_holdings": {}
}