{
  "timestamp": "2026-02-22T01:47:14.965086",
  "wallet_address": "CdJSUeHX49eFK8hixbfDKNRLTakYcy59MbVEh8pDnn9U",
  "sol_balance": 0.62214143,
  "usdc_balance": 51.949887,
  "wbtc_balance": 0,
  "bnb_balance": 0.04898556,
  "sol_price_usd": 86.17,
  "btc_price_usd": 68320,
  "bnb_price_usd": 626.02,
  "eth_price_usd": 1987.92,
  "sol_value_usd": 53.6099270231,
  "wbtc_value_usd": 0,
  "bnb_value_usd": 30.665940271199997,
  "total_usd": 136.23,
  "meme_holdings": {}
}