{
  "timestamp": "2026-02-19T14:49:56.310764",
  "wallet_address": "CdJSUeHX49eFK8hixbfDKNRLTakYcy59MbVEh8pDnn9U",
  "sol_balance": 0.744869857,
  "usdc_balance": 144.191321,
  "wbtc_balance": 0,
  "bnb_balance": 0.04898556,
  "sol_price_usd": 81.64,
  "btc_price_usd": 66763,
  "bnb_price_usd": 607.44,
  "eth_price_usd": 1967.23,
  "sol_value_usd": 60.81117512548,
  "wbtc_value_usd": 0,
  "bnb_value_usd": 29.7557885664,
  "total_usd": 234.76,
  "meme_holdings": {}
}