{
  "timestamp": "2026-02-19T02:36:20.627992",
  "wallet_address": "CdJSUeHX49eFK8hixbfDKNRLTakYcy59MbVEh8pDnn9U",
  "sol_balance": 0.856969964,
  "usdc_balance": 145.73442,
  "wbtc_balance": 0,
  "bnb_balance": 0.04898556,
  "sol_price_usd": 82.39,
  "btc_price_usd": 67106,
  "bnb_price_usd": 617.19,
  "eth_price_usd": 1973.67,
  "sol_value_usd": 70.60575533396,
  "wbtc_value_usd": 0,
  "bnb_value_usd": 30.2333977764,
  "total_usd": 246.57,
  "meme_holdings": {}
}