{
  "timestamp": "2026-02-19T18:26:37.709631",
  "wallet_address": "CdJSUeHX49eFK8hixbfDKNRLTakYcy59MbVEh8pDnn9U",
  "sol_balance": 0.698147892,
  "usdc_balance": 144.191321,
  "wbtc_balance": 0,
  "bnb_balance": 0.04898556,
  "sol_price_usd": 81.67,
  "btc_price_usd": 66982,
  "bnb_price_usd": 606.41,
  "eth_price_usd": 1972.29,
  "sol_value_usd": 57.017738339640005,
  "wbtc_value_usd": 0,
  "bnb_value_usd": 29.705333439599997,
  "total_usd": 230.91,
  "meme_holdings": {}
}