{
  "timestamp": "2026-02-22T02:02:37.715701",
  "wallet_address": "CdJSUeHX49eFK8hixbfDKNRLTakYcy59MbVEh8pDnn9U",
  "sol_balance": 0.62214143,
  "usdc_balance": 51.949887,
  "wbtc_balance": 0,
  "bnb_balance": 0.04898556,
  "sol_price_usd": 86.21,
  "btc_price_usd": 68318,
  "bnb_price_usd": 626.08,
  "eth_price_usd": 1987.59,
  "sol_value_usd": 53.634812680299994,
  "wbtc_value_usd": 0,
  "bnb_value_usd": 30.668879404800002,
  "total_usd": 136.25,
  "meme_holdings": {}
}