{
  "timestamp": "2026-02-18T11:34:31.547046",
  "wallet_address": "CdJSUeHX49eFK8hixbfDKNRLTakYcy59MbVEh8pDnn9U",
  "sol_balance": 0.99423288,
  "usdc_balance": 70.092669,
  "wbtc_balance": 0,
  "bnb_balance": 0.04898556,
  "sol_price_usd": 84.67,
  "btc_price_usd": 67217,
  "bnb_price_usd": 615.81,
  "eth_price_usd": 1984.07,
  "sol_value_usd": 84.18169794960001,
  "wbtc_value_usd": 0,
  "bnb_value_usd": 30.165797703599996,
  "total_usd": 284.43,
  "meme_holdings": {}
}