{
  "timestamp": "2026-02-19T06:28:24.781725",
  "wallet_address": "CdJSUeHX49eFK8hixbfDKNRLTakYcy59MbVEh8pDnn9U",
  "sol_balance": 0.856969964,
  "usdc_balance": 145.73442,
  "wbtc_balance": 0,
  "bnb_balance": 0.04898556,
  "sol_price_usd": 81.26,
  "btc_price_usd": 66299,
  "bnb_price_usd": 603.81,
  "eth_price_usd": 1944.16,
  "sol_value_usd": 69.63737927464001,
  "wbtc_value_usd": 0,
  "bnb_value_usd": 29.577970983599997,
  "total_usd": 244.95,
  "meme_holdings": {}
}