{
  "timestamp": "2026-02-16T15:28:41.571413",
  "wallet_address": "CdJSUeHX49eFK8hixbfDKNRLTakYcy59MbVEh8pDnn9U",
  "sol_balance": 0.209658803,
  "usdc_balance": 457.14429,
  "wbtc_balance": 1e-08,
  "bnb_balance": 0.03265508,
  "sol_price_usd": 84.75,
  "btc_price_usd": 68273,
  "bnb_price_usd": 611.49,
  "eth_price_usd": 1958.04,
  "sol_value_usd": 17.76858355425,
  "wbtc_value_usd": 0.00068273,
  "bnb_value_usd": 19.968254869200003,
  "total_usd": 494.88
}