{
  "timestamp": "2026-02-18T18:52:18.727829",
  "wallet_address": "CdJSUeHX49eFK8hixbfDKNRLTakYcy59MbVEh8pDnn9U",
  "sol_balance": 1.119599364,
  "usdc_balance": 167.443709,
  "wbtc_balance": 0,
  "bnb_balance": 0.04898556,
  "sol_price_usd": 85.52,
  "btc_price_usd": 68222,
  "bnb_price_usd": 623.42,
  "eth_price_usd": 2020.4,
  "sol_value_usd": 95.74813760928,
  "wbtc_value_usd": 0,
  "bnb_value_usd": 30.538577815199996,
  "total_usd": 293.73,
  "meme_holdings": {}
}