{
  "timestamp": "2026-02-16T15:12:16.508375",
  "wallet_address": "CdJSUeHX49eFK8hixbfDKNRLTakYcy59MbVEh8pDnn9U",
  "sol_balance": 0.21499982,
  "usdc_balance": 459.665981,
  "wbtc_balance": 1e-08,
  "bnb_balance": 0.03265508,
  "sol_price_usd": 84.75,
  "btc_price_usd": 68361,
  "bnb_price_usd": 612.1,
  "eth_price_usd": 1958.64,
  "sol_value_usd": 18.221234745,
  "wbtc_value_usd": 0.00068361,
  "bnb_value_usd": 19.988174468000004,
  "total_usd": 497.88
}