{
  "timestamp": "2026-02-19T14:29:24.599625",
  "wallet_address": "CdJSUeHX49eFK8hixbfDKNRLTakYcy59MbVEh8pDnn9U",
  "sol_balance": 0.744869857,
  "usdc_balance": 144.191321,
  "wbtc_balance": 0,
  "bnb_balance": 0.04898556,
  "sol_price_usd": 81.79,
  "btc_price_usd": 66833,
  "bnb_price_usd": 608.69,
  "eth_price_usd": 1971.02,
  "sol_value_usd": 60.92290560403,
  "wbtc_value_usd": 0,
  "bnb_value_usd": 29.8170205164,
  "total_usd": 234.93,
  "meme_holdings": {}
}