{
  "timestamp": "2026-02-19T04:05:41.398441",
  "wallet_address": "CdJSUeHX49eFK8hixbfDKNRLTakYcy59MbVEh8pDnn9U",
  "sol_balance": 0.856969964,
  "usdc_balance": 145.73442,
  "wbtc_balance": 0,
  "bnb_balance": 0.04898556,
  "sol_price_usd": 81.33,
  "btc_price_usd": 66321,
  "bnb_price_usd": 610.52,
  "eth_price_usd": 1952.34,
  "sol_value_usd": 69.69736717212,
  "wbtc_value_usd": 0,
  "bnb_value_usd": 29.906664091199996,
  "total_usd": 245.34,
  "meme_holdings": {}
}