{
  "timestamp": "2026-02-16T10:17:17.658535",
  "wallet_address": "CdJSUeHX49eFK8hixbfDKNRLTakYcy59MbVEh8pDnn9U",
  "sol_balance": 0.277131782,
  "usdc_balance": 462.057735,
  "wbtc_balance": 1e-08,
  "bnb_balance": 0.03265508,
  "sol_price_usd": 86.32,
  "btc_price_usd": 68920,
  "bnb_price_usd": 617.04,
  "sol_value_usd": 23.922015422239998,
  "wbtc_value_usd": 0.0006892000000000001,
  "bnb_value_usd": 20.1494905632,
  "total_usd": 506.13
}