{
  "timestamp": "2026-02-22T06:25:18.043937",
  "wallet_address": "CdJSUeHX49eFK8hixbfDKNRLTakYcy59MbVEh8pDnn9U",
  "sol_balance": 1.18627848,
  "usdc_balance": 2.547636,
  "wbtc_balance": 0,
  "bnb_balance": 0.04898556,
  "sol_price_usd": 85.55,
  "btc_price_usd": 68310,
  "bnb_price_usd": 625.55,
  "eth_price_usd": 1977.46,
  "sol_value_usd": 101.48612396399999,
  "wbtc_value_usd": 0,
  "bnb_value_usd": 30.642917057999995,
  "total_usd": 134.68,
  "meme_holdings": {}
}