{
  "timestamp": "2026-02-16T02:22:53.209829",
  "wallet_address": "CdJSUeHX49eFK8hixbfDKNRLTakYcy59MbVEh8pDnn9U",
  "sol_balance": 0.043033015,
  "usdc_balance": 462.762535,
  "wbtc_balance": 0.00028823,
  "bnb_balance": 0.03222343,
  "sol_price_usd": 87.56,
  "btc_price_usd": 68974,
  "bnb_price_usd": 619.3,
  "sol_value_usd": 3.7679707934,
  "wbtc_value_usd": 19.88037602,
  "bnb_value_usd": 19.955970198999996,
  "total_usd": 506.37
}