{
  "timestamp": "2026-02-19T11:10:21.295902",
  "wallet_address": "CdJSUeHX49eFK8hixbfDKNRLTakYcy59MbVEh8pDnn9U",
  "sol_balance": 0.755359197,
  "usdc_balance": 144.191321,
  "wbtc_balance": 0,
  "bnb_balance": 0.04898556,
  "sol_price_usd": 81.82,
  "btc_price_usd": 66833,
  "bnb_price_usd": 606.63,
  "eth_price_usd": 1966.46,
  "sol_value_usd": 61.803489498539996,
  "wbtc_value_usd": 0,
  "bnb_value_usd": 29.716110262799997,
  "total_usd": 235.71,
  "meme_holdings": {}
}