{
  "timestamp": "2026-02-19T06:34:33.791884",
  "wallet_address": "CdJSUeHX49eFK8hixbfDKNRLTakYcy59MbVEh8pDnn9U",
  "sol_balance": 0.856969964,
  "usdc_balance": 145.73442,
  "wbtc_balance": 0,
  "bnb_balance": 0.04898556,
  "sol_price_usd": 81.36,
  "btc_price_usd": 66362,
  "bnb_price_usd": 604.64,
  "eth_price_usd": 1945.8,
  "sol_value_usd": 69.72307627104,
  "wbtc_value_usd": 0,
  "bnb_value_usd": 29.6186289984,
  "total_usd": 245.08,
  "meme_holdings": {}
}