{
  "timestamp": "2026-02-16T06:38:19.887402",
  "wallet_address": "CdJSUeHX49eFK8hixbfDKNRLTakYcy59MbVEh8pDnn9U",
  "sol_balance": 0.277131782,
  "usdc_balance": 462.057735,
  "wbtc_balance": 1e-08,
  "bnb_balance": 0.03265508,
  "sol_price_usd": 86.1,
  "btc_price_usd": 68685,
  "bnb_price_usd": 615.2,
  "sol_value_usd": 23.8610464302,
  "wbtc_value_usd": 0.00068685,
  "bnb_value_usd": 20.089405216000003,
  "total_usd": 506.01
}