{
  "timestamp": "2026-02-16T05:53:15.279695",
  "wallet_address": "CdJSUeHX49eFK8hixbfDKNRLTakYcy59MbVEh8pDnn9U",
  "sol_balance": 0.277131782,
  "usdc_balance": 462.057735,
  "wbtc_balance": 1e-08,
  "bnb_balance": 0.03265508,
  "sol_price_usd": 85.78,
  "btc_price_usd": 68450,
  "bnb_price_usd": 613.43,
  "sol_value_usd": 23.77236425996,
  "wbtc_value_usd": 0.0006845,
  "bnb_value_usd": 20.0316057244,
  "total_usd": 505.86
}