{
  "timestamp": "2026-02-19T05:20:39.432485",
  "wallet_address": "CdJSUeHX49eFK8hixbfDKNRLTakYcy59MbVEh8pDnn9U",
  "sol_balance": 0.856969964,
  "usdc_balance": 145.73442,
  "wbtc_balance": 0,
  "bnb_balance": 0.04898556,
  "sol_price_usd": 81.06,
  "btc_price_usd": 66221,
  "bnb_price_usd": 603.77,
  "eth_price_usd": 1938.95,
  "sol_value_usd": 69.46598528184,
  "wbtc_value_usd": 0,
  "bnb_value_usd": 29.576011561199998,
  "total_usd": 244.78,
  "meme_holdings": {}
}