{
  "timestamp": "2026-02-16T02:37:54.684527",
  "wallet_address": "CdJSUeHX49eFK8hixbfDKNRLTakYcy59MbVEh8pDnn9U",
  "sol_balance": 0.043033015,
  "usdc_balance": 462.762535,
  "wbtc_balance": 0.00028823,
  "bnb_balance": 0.03222343,
  "sol_price_usd": 87.32,
  "btc_price_usd": 68912,
  "bnb_price_usd": 618.27,
  "sol_value_usd": 3.7576428697999997,
  "wbtc_value_usd": 19.86250576,
  "bnb_value_usd": 19.922780066099996,
  "total_usd": 506.31
}