{
  "timestamp": "2026-02-16T14:36:24.470053",
  "wallet_address": "CdJSUeHX49eFK8hixbfDKNRLTakYcy59MbVEh8pDnn9U",
  "sol_balance": 0.216126475,
  "usdc_balance": 461.157887,
  "wbtc_balance": 1e-08,
  "bnb_balance": 0.03265508,
  "sol_price_usd": 84.95,
  "btc_price_usd": 68420,
  "bnb_price_usd": 612.52,
  "eth_price_usd": 1957.33,
  "sol_value_usd": 18.35994405125,
  "wbtc_value_usd": 0.0006842,
  "bnb_value_usd": 20.001889601600002,
  "total_usd": 499.52
}