{
  "timestamp": "2026-02-18T11:15:03.173449",
  "wallet_address": "CdJSUeHX49eFK8hixbfDKNRLTakYcy59MbVEh8pDnn9U",
  "sol_balance": 0.981815587,
  "usdc_balance": 70.092669,
  "wbtc_balance": 0,
  "bnb_balance": 0.04898556,
  "sol_price_usd": 84.46,
  "btc_price_usd": 67218,
  "bnb_price_usd": 615.31,
  "eth_price_usd": 1981.82,
  "sol_value_usd": 82.92414447802,
  "wbtc_value_usd": 0,
  "bnb_value_usd": 30.141304923599996,
  "total_usd": 283.04,
  "meme_holdings": {}
}