{
  "timestamp": "2026-02-16T01:07:55.627349",
  "wallet_address": "CdJSUeHX49eFK8hixbfDKNRLTakYcy59MbVEh8pDnn9U",
  "sol_balance": 0.050431771,
  "usdc_balance": 462.807952,
  "wbtc_balance": 0.00028823,
  "bnb_balance": 0.03222343,
  "sol_price_usd": 87.2,
  "btc_price_usd": 68999,
  "bnb_price_usd": 620.8,
  "sol_value_usd": 4.3976504312,
  "wbtc_value_usd": 19.88758177,
  "bnb_value_usd": 20.004305343999995,
  "total_usd": 507.1
}