{
  "timestamp": "2026-02-15T21:22:13.825321",
  "wallet_address": "CdJSUeHX49eFK8hixbfDKNRLTakYcy59MbVEh8pDnn9U",
  "sol_balance": 0.30744257,
  "usdc_balance": 440.97533,
  "wbtc_balance": 0.00028823,
  "bnb_balance": 0.03175978,
  "other_tokens": [],
  "sol_price_usd": 89.17,
  "btc_price_usd": 70121,
  "bnb_price_usd": 627.44,
  "sol_value_usd": 27.4146539669,
  "wbtc_value_usd": 20.21097583,
  "bnb_value_usd": 19.9273563632,
  "total_usd": 508.52831616009996
}