{
  "timestamp": "2026-02-15T22:26:48.064731",
  "wallet_address": "CdJSUeHX49eFK8hixbfDKNRLTakYcy59MbVEh8pDnn9U",
  "sol_balance": 0.049917591,
  "usdc_balance": 463.52095,
  "wbtc_balance": 0.00028823,
  "bnb_balance": 0.03175978,
  "other_tokens": [],
  "sol_price_usd": 88.02,
  "btc_price_usd": 69391,
  "bnb_price_usd": 622.62,
  "sol_value_usd": 4.39374635982,
  "wbtc_value_usd": 20.00056793,
  "bnb_value_usd": 19.774274223600003,
  "total_usd": 507.68953851342
}