{
  "timestamp": "2026-02-21T21:20:30.831726",
  "wallet_address": "CdJSUeHX49eFK8hixbfDKNRLTakYcy59MbVEh8pDnn9U",
  "sol_balance": 0.62214143,
  "usdc_balance": 51.949887,
  "wbtc_balance": 0,
  "bnb_balance": 0.04898556,
  "sol_price_usd": 85.27,
  "btc_price_usd": 67962,
  "bnb_price_usd": 629.21,
  "eth_price_usd": 1974.16,
  "sol_value_usd": 53.0499997361,
  "wbtc_value_usd": 0,
  "bnb_value_usd": 30.8222042076,
  "total_usd": 135.82,
  "meme_holdings": {}
}