{
  "timestamp": "2026-02-22T02:34:27.197841",
  "wallet_address": "CdJSUeHX49eFK8hixbfDKNRLTakYcy59MbVEh8pDnn9U",
  "sol_balance": 0.61941447,
  "usdc_balance": 50.95271,
  "wbtc_balance": 0,
  "bnb_balance": 0.04898556,
  "sol_price_usd": 86.02,
  "btc_price_usd": 68229,
  "bnb_price_usd": 625.74,
  "eth_price_usd": 1985.22,
  "sol_value_usd": 53.2820327094,
  "wbtc_value_usd": 0,
  "bnb_value_usd": 30.652224314399998,
  "total_usd": 134.89,
  "meme_holdings": {}
}