{
  "timestamp": "2026-02-19T23:01:50.986783",
  "wallet_address": "CdJSUeHX49eFK8hixbfDKNRLTakYcy59MbVEh8pDnn9U",
  "sol_balance": 0.68736298,
  "usdc_balance": 144.191321,
  "wbtc_balance": 0,
  "bnb_balance": 0.04898556,
  "sol_price_usd": 79.8,
  "btc_price_usd": 65839,
  "bnb_price_usd": 597.7,
  "eth_price_usd": 1917.65,
  "sol_value_usd": 54.851565803999996,
  "wbtc_value_usd": 0,
  "bnb_value_usd": 29.278669212,
  "total_usd": 228.32,
  "meme_holdings": {}
}