{
  "timestamp": "2026-02-19T16:40:54.939946",
  "wallet_address": "CdJSUeHX49eFK8hixbfDKNRLTakYcy59MbVEh8pDnn9U",
  "sol_balance": 0.727533851,
  "usdc_balance": 144.191321,
  "wbtc_balance": 0,
  "bnb_balance": 0.04898556,
  "sol_price_usd": 82.44,
  "btc_price_usd": 67198,
  "bnb_price_usd": 611.92,
  "eth_price_usd": 1982.81,
  "sol_value_usd": 59.97789067644,
  "wbtc_value_usd": 0,
  "bnb_value_usd": 29.975243875199997,
  "total_usd": 234.14,
  "meme_holdings": {}
}