{
  "timestamp": "2026-02-22T06:03:46.685132",
  "wallet_address": "CdJSUeHX49eFK8hixbfDKNRLTakYcy59MbVEh8pDnn9U",
  "sol_balance": 1.18627848,
  "usdc_balance": 2.547636,
  "wbtc_balance": 0,
  "bnb_balance": 0.04898556,
  "sol_price_usd": 85.56,
  "btc_price_usd": 68331,
  "bnb_price_usd": 625.59,
  "eth_price_usd": 1978.9,
  "sol_value_usd": 101.49798674879999,
  "wbtc_value_usd": 0,
  "bnb_value_usd": 30.6448764804,
  "total_usd": 134.69,
  "meme_holdings": {}
}