{
  "timestamp": "2026-02-15T21:14:58.888828",
  "wallet_address": "CdJSUeHX49eFK8hixbfDKNRLTakYcy59MbVEh8pDnn9U",
  "sol_balance": 0.30744257,
  "usdc_balance": 440.97533,
  "wbtc_balance": 0.00028823,
  "bnb_balance": 0.03175978,
  "other_tokens": [],
  "sol_price_usd": 89.12,
  "btc_price_usd": 70148,
  "bnb_price_usd": 627.27,
  "sol_value_usd": 27.399281838400004,
  "wbtc_value_usd": 20.21875804,
  "bnb_value_usd": 19.9219572006,
  "total_usd": 508.515327079
}