{
  "timestamp": "2026-02-16T05:38:13.666229",
  "wallet_address": "CdJSUeHX49eFK8hixbfDKNRLTakYcy59MbVEh8pDnn9U",
  "sol_balance": 0.277131782,
  "usdc_balance": 462.057735,
  "wbtc_balance": 1e-08,
  "bnb_balance": 0.03265508,
  "sol_price_usd": 85.46,
  "btc_price_usd": 68405,
  "bnb_price_usd": 612.67,
  "sol_value_usd": 23.683682089719998,
  "wbtc_value_usd": 0.0006840500000000001,
  "bnb_value_usd": 20.0067878636,
  "total_usd": 505.75
}