{
  "timestamp": "2026-02-18T12:20:37.843289",
  "wallet_address": "CdJSUeHX49eFK8hixbfDKNRLTakYcy59MbVEh8pDnn9U",
  "sol_balance": 1.078214749,
  "usdc_balance": 70.092669,
  "wbtc_balance": 0,
  "bnb_balance": 0.04898556,
  "sol_price_usd": 84.65,
  "btc_price_usd": 67416,
  "bnb_price_usd": 617.81,
  "eth_price_usd": 1989.8,
  "sol_value_usd": 91.27087850285001,
  "wbtc_value_usd": 0,
  "bnb_value_usd": 30.263768823599996,
  "total_usd": 291.91,
  "meme_holdings": {}
}