{
  "timestamp": "2026-02-16T02:07:51.753935",
  "wallet_address": "CdJSUeHX49eFK8hixbfDKNRLTakYcy59MbVEh8pDnn9U",
  "sol_balance": 0.043033015,
  "usdc_balance": 462.762535,
  "wbtc_balance": 0.00028823,
  "bnb_balance": 0.03222343,
  "sol_price_usd": 87.49,
  "btc_price_usd": 69012,
  "bnb_price_usd": 619.83,
  "sol_value_usd": 3.76495848235,
  "wbtc_value_usd": 19.89132876,
  "bnb_value_usd": 19.973048616899998,
  "total_usd": 506.39
}