{
  "timestamp": "2026-02-19T08:25:19.973982",
  "wallet_address": "CdJSUeHX49eFK8hixbfDKNRLTakYcy59MbVEh8pDnn9U",
  "sol_balance": 0.765263603,
  "usdc_balance": 144.191321,
  "wbtc_balance": 0,
  "bnb_balance": 0.04898556,
  "sol_price_usd": 81.33,
  "btc_price_usd": 66330,
  "bnb_price_usd": 604.28,
  "eth_price_usd": 1946.51,
  "sol_value_usd": 62.238888831989996,
  "wbtc_value_usd": 0,
  "bnb_value_usd": 29.6009941968,
  "total_usd": 236.03,
  "meme_holdings": {}
}