{
  "timestamp": "2026-02-15T23:22:34.330373",
  "wallet_address": "CdJSUeHX49eFK8hixbfDKNRLTakYcy59MbVEh8pDnn9U",
  "sol_balance": 0.049837324,
  "usdc_balance": 463.139243,
  "wbtc_balance": 0.00028823,
  "bnb_balance": 0.03222343,
  "sol_price_usd": 86.92,
  "btc_price_usd": 68905,
  "bnb_price_usd": 618.21,
  "sol_value_usd": 4.3318602020800006,
  "wbtc_value_usd": 19.86048815,
  "bnb_value_usd": 19.9208466603,
  "total_usd": 507.25
}