{
  "timestamp": "2026-02-16T14:42:33.588687",
  "wallet_address": "CdJSUeHX49eFK8hixbfDKNRLTakYcy59MbVEh8pDnn9U",
  "sol_balance": 0.215416355,
  "usdc_balance": 461.190127,
  "wbtc_balance": 1e-08,
  "bnb_balance": 0.03265508,
  "sol_price_usd": 84.71,
  "btc_price_usd": 68284,
  "bnb_price_usd": 611.02,
  "eth_price_usd": 1953.18,
  "sol_value_usd": 18.24791943205,
  "wbtc_value_usd": 0.00068284,
  "bnb_value_usd": 19.9529069816,
  "total_usd": 499.39
}