{
  "timestamp": "2026-02-21T19:26:44.774576",
  "wallet_address": "CdJSUeHX49eFK8hixbfDKNRLTakYcy59MbVEh8pDnn9U",
  "sol_balance": 1.20072116,
  "usdc_balance": 2.561398,
  "wbtc_balance": 0,
  "bnb_balance": 0.04898556,
  "sol_price_usd": 84.95,
  "btc_price_usd": 68138,
  "bnb_price_usd": 628.87,
  "eth_price_usd": 1971.53,
  "sol_value_usd": 102.001262542,
  "wbtc_value_usd": 0,
  "bnb_value_usd": 30.805549117199998,
  "total_usd": 135.37,
  "meme_holdings": {}
}