{
  "timestamp": "2026-02-19T02:58:56.953081",
  "wallet_address": "CdJSUeHX49eFK8hixbfDKNRLTakYcy59MbVEh8pDnn9U",
  "sol_balance": 0.856969964,
  "usdc_balance": 145.73442,
  "wbtc_balance": 0,
  "bnb_balance": 0.04898556,
  "sol_price_usd": 82.33,
  "btc_price_usd": 67136,
  "bnb_price_usd": 617.24,
  "eth_price_usd": 1974.82,
  "sol_value_usd": 70.55433713612,
  "wbtc_value_usd": 0,
  "bnb_value_usd": 30.235847054399997,
  "total_usd": 246.52,
  "meme_holdings": {}
}