{
  "timestamp": "2026-02-18T19:06:40.454659",
  "wallet_address": "CdJSUeHX49eFK8hixbfDKNRLTakYcy59MbVEh8pDnn9U",
  "sol_balance": 1.119599364,
  "usdc_balance": 167.443709,
  "wbtc_balance": 0,
  "bnb_balance": 0.04898556,
  "sol_price_usd": 85.36,
  "btc_price_usd": 68157,
  "bnb_price_usd": 622.77,
  "eth_price_usd": 2015.89,
  "sol_value_usd": 95.56900171103999,
  "wbtc_value_usd": 0,
  "bnb_value_usd": 30.506737201199996,
  "total_usd": 293.52,
  "meme_holdings": {}
}