{
  "timestamp": "2026-02-16T13:14:11.934216",
  "wallet_address": "CdJSUeHX49eFK8hixbfDKNRLTakYcy59MbVEh8pDnn9U",
  "sol_balance": 0.272093264,
  "usdc_balance": 461.842791,
  "wbtc_balance": 1e-08,
  "bnb_balance": 0.03265508,
  "sol_price_usd": 85.26,
  "btc_price_usd": 68591,
  "bnb_price_usd": 615.12,
  "eth_price_usd": 1965.09,
  "sol_value_usd": 23.19867168864,
  "wbtc_value_usd": 0.00068591,
  "bnb_value_usd": 20.086792809600002,
  "total_usd": 505.13
}