{
  "timestamp": "2026-02-22T08:22:04.359178",
  "wallet_address": "CdJSUeHX49eFK8hixbfDKNRLTakYcy59MbVEh8pDnn9U",
  "sol_balance": 1.184232958,
  "usdc_balance": 1.273818,
  "wbtc_balance": 1.876e-05,
  "bnb_balance": 0.04898556,
  "sol_price_usd": 85.24,
  "btc_price_usd": 67977,
  "bnb_price_usd": 625.29,
  "eth_price_usd": 1972.82,
  "sol_value_usd": 100.94401733992,
  "wbtc_value_usd": 1.27524852,
  "bnb_value_usd": 30.630180812399995,
  "total_usd": 134.12,
  "meme_holdings": {}
}