{
  "timestamp": "2026-02-20T00:15:04.403421",
  "wallet_address": "CdJSUeHX49eFK8hixbfDKNRLTakYcy59MbVEh8pDnn9U",
  "sol_balance": 0.68736298,
  "usdc_balance": 144.191321,
  "wbtc_balance": 0,
  "bnb_balance": 0.04898556,
  "sol_price_usd": 80.78,
  "btc_price_usd": 66287,
  "bnb_price_usd": 601.71,
  "eth_price_usd": 1925.39,
  "sol_value_usd": 55.5251815244,
  "wbtc_value_usd": 0,
  "bnb_value_usd": 29.4751013076,
  "total_usd": 229.19,
  "meme_holdings": {}
}