{
  "timestamp": "2026-02-16T12:46:26.134452",
  "wallet_address": "CdJSUeHX49eFK8hixbfDKNRLTakYcy59MbVEh8pDnn9U",
  "sol_balance": 0.272093264,
  "usdc_balance": 461.842791,
  "wbtc_balance": 1e-08,
  "bnb_balance": 0.03265508,
  "sol_price_usd": 84.98,
  "btc_price_usd": 68215,
  "bnb_price_usd": 611.78,
  "eth_price_usd": 1951.08,
  "sol_value_usd": 23.122485574720002,
  "wbtc_value_usd": 0.00068215,
  "bnb_value_usd": 19.9777248424,
  "total_usd": 504.94
}