{
  "timestamp": "2026-02-19T14:15:03.077690",
  "wallet_address": "CdJSUeHX49eFK8hixbfDKNRLTakYcy59MbVEh8pDnn9U",
  "sol_balance": 0.744869857,
  "usdc_balance": 144.191321,
  "wbtc_balance": 0,
  "bnb_balance": 0.04898556,
  "sol_price_usd": 81.59,
  "btc_price_usd": 66714,
  "bnb_price_usd": 608.48,
  "eth_price_usd": 1967.07,
  "sol_value_usd": 60.77393163263,
  "wbtc_value_usd": 0,
  "bnb_value_usd": 29.8067335488,
  "total_usd": 234.77,
  "meme_holdings": {}
}