{
  "timestamp": "2026-02-19T17:27:06.395373",
  "wallet_address": "CdJSUeHX49eFK8hixbfDKNRLTakYcy59MbVEh8pDnn9U",
  "sol_balance": 0.698147892,
  "usdc_balance": 144.191321,
  "wbtc_balance": 0,
  "bnb_balance": 0.04898556,
  "sol_price_usd": 82.23,
  "btc_price_usd": 67056,
  "bnb_price_usd": 608.85,
  "eth_price_usd": 1978.35,
  "sol_value_usd": 57.40870115916,
  "wbtc_value_usd": 0,
  "bnb_value_usd": 29.824858206,
  "total_usd": 231.42,
  "meme_holdings": {}
}