{
  "timestamp": "2026-02-16T09:31:04.912709",
  "wallet_address": "CdJSUeHX49eFK8hixbfDKNRLTakYcy59MbVEh8pDnn9U",
  "sol_balance": 0.277131782,
  "usdc_balance": 462.057735,
  "wbtc_balance": 1e-08,
  "bnb_balance": 0.03265508,
  "sol_price_usd": 85.86,
  "btc_price_usd": 68802,
  "bnb_price_usd": 614.32,
  "sol_value_usd": 23.794534802519998,
  "wbtc_value_usd": 0.00068802,
  "bnb_value_usd": 20.060668745600005,
  "total_usd": 505.91
}