{
  "timestamp": "2026-02-20T00:05:43.660308",
  "wallet_address": "CdJSUeHX49eFK8hixbfDKNRLTakYcy59MbVEh8pDnn9U",
  "sol_balance": 0.68736298,
  "usdc_balance": 144.191321,
  "wbtc_balance": 0,
  "bnb_balance": 0.04898556,
  "sol_price_usd": 80.91,
  "btc_price_usd": 66471,
  "bnb_price_usd": 602.46,
  "eth_price_usd": 1938.61,
  "sol_value_usd": 55.614538711799995,
  "wbtc_value_usd": 0,
  "bnb_value_usd": 29.5118404776,
  "total_usd": 229.32,
  "meme_holdings": {}
}