{
  "timestamp": "2026-02-16T05:23:12.294853",
  "wallet_address": "CdJSUeHX49eFK8hixbfDKNRLTakYcy59MbVEh8pDnn9U",
  "sol_balance": 0.27713178,
  "usdc_balance": 462.057735,
  "wbtc_balance": 1e-08,
  "bnb_balance": 0.03265508,
  "sol_price_usd": 85.3,
  "btc_price_usd": 68293,
  "bnb_price_usd": 611.55,
  "sol_value_usd": 23.639340834,
  "wbtc_value_usd": 0.00068293,
  "bnb_value_usd": 19.970214174,
  "total_usd": 505.67
}