{
  "timestamp": "2026-02-18T08:40:20.573272",
  "wallet_address": "CdJSUeHX49eFK8hixbfDKNRLTakYcy59MbVEh8pDnn9U",
  "sol_balance": 1.131741172,
  "usdc_balance": 170.092669,
  "wbtc_balance": 0,
  "bnb_balance": 0.04898556,
  "sol_price_usd": 85.01,
  "btc_price_usd": 67469,
  "bnb_price_usd": 616.29,
  "eth_price_usd": 1992.46,
  "sol_value_usd": 96.20931703172,
  "wbtc_value_usd": 0,
  "bnb_value_usd": 30.189310772399995,
  "total_usd": 296.49,
  "meme_holdings": {}
}