{
  "timestamp": "2026-02-16T06:53:21.426802",
  "wallet_address": "CdJSUeHX49eFK8hixbfDKNRLTakYcy59MbVEh8pDnn9U",
  "sol_balance": 0.277131782,
  "usdc_balance": 462.057735,
  "wbtc_balance": 1e-08,
  "bnb_balance": 0.03265508,
  "sol_price_usd": 86.07,
  "btc_price_usd": 68719,
  "bnb_price_usd": 615.39,
  "sol_value_usd": 23.852732476739998,
  "wbtc_value_usd": 0.0006871900000000001,
  "bnb_value_usd": 20.095609681200003,
  "total_usd": 506.01
}