{
  "timestamp": "2026-02-19T01:53:10.069564",
  "wallet_address": "CdJSUeHX49eFK8hixbfDKNRLTakYcy59MbVEh8pDnn9U",
  "sol_balance": 0.856969964,
  "usdc_balance": 145.73442,
  "wbtc_balance": 0,
  "bnb_balance": 0.04898556,
  "sol_price_usd": 82.27,
  "btc_price_usd": 67156,
  "bnb_price_usd": 616.18,
  "eth_price_usd": 1971.26,
  "sol_value_usd": 70.50291893828,
  "wbtc_value_usd": 0,
  "bnb_value_usd": 30.183922360799997,
  "total_usd": 246.42,
  "meme_holdings": {}
}