{
  "timestamp": "2026-02-16T06:23:18.375022",
  "wallet_address": "CdJSUeHX49eFK8hixbfDKNRLTakYcy59MbVEh8pDnn9U",
  "sol_balance": 0.277131782,
  "usdc_balance": 462.057735,
  "wbtc_balance": 1e-08,
  "bnb_balance": 0.03265508,
  "sol_price_usd": 86.08,
  "btc_price_usd": 68707,
  "bnb_price_usd": 615.48,
  "sol_value_usd": 23.85550379456,
  "wbtc_value_usd": 0.00068707,
  "bnb_value_usd": 20.098548638400004,
  "total_usd": 506.01
}