{
  "timestamp": "2026-02-16T08:00:17.782902",
  "wallet_address": "CdJSUeHX49eFK8hixbfDKNRLTakYcy59MbVEh8pDnn9U",
  "sol_balance": 0.277131782,
  "usdc_balance": 462.057735,
  "wbtc_balance": 1e-08,
  "bnb_balance": 0.03265508,
  "sol_price_usd": 86.47,
  "btc_price_usd": 68994,
  "bnb_price_usd": 616.41,
  "sol_value_usd": 23.963585189539998,
  "wbtc_value_usd": 0.00068994,
  "bnb_value_usd": 20.1289178628,
  "total_usd": 506.15
}