{
  "timestamp": "2026-02-22T02:11:51.582352",
  "wallet_address": "CdJSUeHX49eFK8hixbfDKNRLTakYcy59MbVEh8pDnn9U",
  "sol_balance": 0.62214143,
  "usdc_balance": 51.949887,
  "wbtc_balance": 0,
  "bnb_balance": 0.04898556,
  "sol_price_usd": 86.09,
  "btc_price_usd": 68310,
  "bnb_price_usd": 626.26,
  "eth_price_usd": 1987.19,
  "sol_value_usd": 53.5601557087,
  "wbtc_value_usd": 0,
  "bnb_value_usd": 30.677696805599997,
  "total_usd": 136.19,
  "meme_holdings": {}
}