{
  "timestamp": "2026-02-16T07:08:22.797070",
  "wallet_address": "CdJSUeHX49eFK8hixbfDKNRLTakYcy59MbVEh8pDnn9U",
  "sol_balance": 0.277131782,
  "usdc_balance": 462.057735,
  "wbtc_balance": 1e-08,
  "bnb_balance": 0.03265508,
  "sol_price_usd": 86.14,
  "btc_price_usd": 68838,
  "bnb_price_usd": 615.66,
  "sol_value_usd": 23.87213170148,
  "wbtc_value_usd": 0.00068838,
  "bnb_value_usd": 20.1044265528,
  "total_usd": 506.03
}