{
  "timestamp": "2026-02-19T16:22:26.064419",
  "wallet_address": "CdJSUeHX49eFK8hixbfDKNRLTakYcy59MbVEh8pDnn9U",
  "sol_balance": 0.727533851,
  "usdc_balance": 144.191321,
  "wbtc_balance": 0,
  "bnb_balance": 0.04898556,
  "sol_price_usd": 82.48,
  "btc_price_usd": 67192,
  "bnb_price_usd": 612.3,
  "eth_price_usd": 1983.99,
  "sol_value_usd": 60.006992030480006,
  "wbtc_value_usd": 0,
  "bnb_value_usd": 29.993858387999996,
  "total_usd": 234.19,
  "meme_holdings": {}
}