{
  "timestamp": "2026-02-22T06:58:04.636875",
  "wallet_address": "CdJSUeHX49eFK8hixbfDKNRLTakYcy59MbVEh8pDnn9U",
  "sol_balance": 1.18627848,
  "usdc_balance": 2.547636,
  "wbtc_balance": 0,
  "bnb_balance": 0.04898556,
  "sol_price_usd": 85.71,
  "btc_price_usd": 68307,
  "bnb_price_usd": 626.08,
  "eth_price_usd": 1979.72,
  "sol_value_usd": 101.67592852079999,
  "wbtc_value_usd": 0,
  "bnb_value_usd": 30.668879404800002,
  "total_usd": 134.89,
  "meme_holdings": {}
}