{
  "timestamp": "2026-02-18T18:45:07.522024",
  "wallet_address": "CdJSUeHX49eFK8hixbfDKNRLTakYcy59MbVEh8pDnn9U",
  "sol_balance": 1.119599364,
  "usdc_balance": 167.443709,
  "wbtc_balance": 0,
  "bnb_balance": 0.04898556,
  "sol_price_usd": 85.58,
  "btc_price_usd": 68206,
  "bnb_price_usd": 623.2,
  "eth_price_usd": 2020.54,
  "sol_value_usd": 95.81531357111999,
  "wbtc_value_usd": 0,
  "bnb_value_usd": 30.527800992,
  "total_usd": 293.79,
  "meme_holdings": {}
}