{
  "timestamp": "2026-02-19T04:10:50.209174",
  "wallet_address": "CdJSUeHX49eFK8hixbfDKNRLTakYcy59MbVEh8pDnn9U",
  "sol_balance": 0.856969964,
  "usdc_balance": 145.73442,
  "wbtc_balance": 0,
  "bnb_balance": 0.04898556,
  "sol_price_usd": 81.39,
  "btc_price_usd": 66446,
  "bnb_price_usd": 611.04,
  "eth_price_usd": 1956.11,
  "sol_value_usd": 69.74878536996,
  "wbtc_value_usd": 0,
  "bnb_value_usd": 29.9321365824,
  "total_usd": 245.42,
  "meme_holdings": {}
}