{
  "timestamp": "2026-02-22T00:30:07.110839",
  "wallet_address": "CdJSUeHX49eFK8hixbfDKNRLTakYcy59MbVEh8pDnn9U",
  "sol_balance": 0.62214143,
  "usdc_balance": 51.949887,
  "wbtc_balance": 0,
  "bnb_balance": 0.04898556,
  "sol_price_usd": 86.54,
  "btc_price_usd": 68512,
  "bnb_price_usd": 631.37,
  "eth_price_usd": 1989.79,
  "sol_value_usd": 53.840119352200006,
  "wbtc_value_usd": 0,
  "bnb_value_usd": 30.928013017199998,
  "total_usd": 136.72,
  "meme_holdings": {}
}