{
  "timestamp": "2026-02-18T19:50:48.117354",
  "wallet_address": "CdJSUeHX49eFK8hixbfDKNRLTakYcy59MbVEh8pDnn9U",
  "sol_balance": 1.081859385,
  "usdc_balance": 67.443709,
  "wbtc_balance": 0,
  "bnb_balance": 0.04898556,
  "sol_price_usd": 84.71,
  "btc_price_usd": 67774,
  "bnb_price_usd": 619.23,
  "eth_price_usd": 1998.62,
  "sol_value_usd": 91.64430850334999,
  "wbtc_value_usd": 0,
  "bnb_value_usd": 30.3333283188,
  "total_usd": 289.12,
  "meme_holdings": {}
}