{
  "timestamp": "2026-02-20T00:42:53.956324",
  "wallet_address": "CdJSUeHX49eFK8hixbfDKNRLTakYcy59MbVEh8pDnn9U",
  "sol_balance": 0.68736298,
  "usdc_balance": 144.191321,
  "wbtc_balance": 0,
  "bnb_balance": 0.04898556,
  "sol_price_usd": 80.18,
  "btc_price_usd": 66102,
  "bnb_price_usd": 598.43,
  "eth_price_usd": 1918.48,
  "sol_value_usd": 55.1127637364,
  "wbtc_value_usd": 0,
  "bnb_value_usd": 29.314428670799995,
  "total_usd": 228.62,
  "meme_holdings": {}
}