{
  "timestamp": "2026-02-18T11:51:56.294925",
  "wallet_address": "CdJSUeHX49eFK8hixbfDKNRLTakYcy59MbVEh8pDnn9U",
  "sol_balance": 1.036116554,
  "usdc_balance": 70.092669,
  "wbtc_balance": 0,
  "bnb_balance": 0.04898556,
  "sol_price_usd": 84.76,
  "btc_price_usd": 67296,
  "bnb_price_usd": 616.91,
  "eth_price_usd": 1989.06,
  "sol_value_usd": 87.82123911704,
  "wbtc_value_usd": 0,
  "bnb_value_usd": 30.219681819599998,
  "total_usd": 288.38,
  "meme_holdings": {}
}