{
  "timestamp": "2026-02-19T07:48:26.454279",
  "wallet_address": "CdJSUeHX49eFK8hixbfDKNRLTakYcy59MbVEh8pDnn9U",
  "sol_balance": 0.804289132,
  "usdc_balance": 144.191321,
  "wbtc_balance": 0,
  "bnb_balance": 0.04898556,
  "sol_price_usd": 81.33,
  "btc_price_usd": 66357,
  "bnb_price_usd": 603.93,
  "eth_price_usd": 1944.65,
  "sol_value_usd": 65.41283510555999,
  "wbtc_value_usd": 0,
  "bnb_value_usd": 29.583849250799997,
  "total_usd": 239.19,
  "meme_holdings": {}
}