{
  "timestamp": "2026-02-16T08:38:28.972711",
  "wallet_address": "CdJSUeHX49eFK8hixbfDKNRLTakYcy59MbVEh8pDnn9U",
  "sol_balance": 0.277131782,
  "usdc_balance": 462.057735,
  "wbtc_balance": 1e-08,
  "bnb_balance": 0.03265508,
  "sol_price_usd": 85.44,
  "btc_price_usd": 68620,
  "bnb_price_usd": 613.2,
  "sol_value_usd": 23.67813945408,
  "wbtc_value_usd": 0.0006862,
  "bnb_value_usd": 20.024095056000004,
  "total_usd": 505.76
}