{
  "timestamp": "2026-02-15T21:58:51.425122",
  "wallet_address": "CdJSUeHX49eFK8hixbfDKNRLTakYcy59MbVEh8pDnn9U",
  "sol_balance": 0.049917591,
  "usdc_balance": 463.52095,
  "wbtc_balance": 0.00028823,
  "bnb_balance": 0.03175978,
  "other_tokens": [],
  "sol_price_usd": 88.14,
  "btc_price_usd": 69455,
  "bnb_price_usd": 620.25,
  "sol_value_usd": 4.39973647074,
  "wbtc_value_usd": 20.01901465,
  "bnb_value_usd": 19.699003545,
  "total_usd": 507.63870466573997
}