{
  "timestamp": "2026-02-16T15:41:01.359254",
  "wallet_address": "CdJSUeHX49eFK8hixbfDKNRLTakYcy59MbVEh8pDnn9U",
  "sol_balance": 0.204653861,
  "usdc_balance": 452.48619,
  "wbtc_balance": 1e-08,
  "bnb_balance": 0.03265508,
  "sol_price_usd": 84.73,
  "btc_price_usd": 68319,
  "bnb_price_usd": 611.68,
  "eth_price_usd": 1959.01,
  "sol_value_usd": 17.34032164253,
  "wbtc_value_usd": 0.00068319,
  "bnb_value_usd": 19.9744593344,
  "total_usd": 489.8
}