{
  "timestamp": "2026-02-16T14:29:13.350406",
  "wallet_address": "CdJSUeHX49eFK8hixbfDKNRLTakYcy59MbVEh8pDnn9U",
  "sol_balance": 0.24109115,
  "usdc_balance": 461.144605,
  "wbtc_balance": 1e-08,
  "bnb_balance": 0.03265508,
  "sol_price_usd": 85.09,
  "btc_price_usd": 68476,
  "bnb_price_usd": 613.53,
  "eth_price_usd": 1959.37,
  "sol_value_usd": 20.5144459535,
  "wbtc_value_usd": 0.00068476,
  "bnb_value_usd": 20.0348712324,
  "total_usd": 501.69
}