{
  "timestamp": "2026-02-19T01:23:19.119251",
  "wallet_address": "CdJSUeHX49eFK8hixbfDKNRLTakYcy59MbVEh8pDnn9U",
  "sol_balance": 0.856969964,
  "usdc_balance": 145.73442,
  "wbtc_balance": 0,
  "bnb_balance": 0.04898556,
  "sol_price_usd": 82.21,
  "btc_price_usd": 67120,
  "bnb_price_usd": 614.8,
  "eth_price_usd": 1966.86,
  "sol_value_usd": 70.45150074044,
  "wbtc_value_usd": 0,
  "bnb_value_usd": 30.116322287999996,
  "total_usd": 246.3,
  "meme_holdings": {}
}