{
  "timestamp": "2026-02-18T20:17:28.424204",
  "wallet_address": "CdJSUeHX49eFK8hixbfDKNRLTakYcy59MbVEh8pDnn9U",
  "sol_balance": 1.081859385,
  "usdc_balance": 67.443709,
  "wbtc_balance": 0,
  "bnb_balance": 0.04898556,
  "sol_price_usd": 84.11,
  "btc_price_usd": 67494,
  "bnb_price_usd": 617.06,
  "eth_price_usd": 1987.55,
  "sol_value_usd": 90.99519287235,
  "wbtc_value_usd": 0,
  "bnb_value_usd": 30.227029653599995,
  "total_usd": 287.82,
  "meme_holdings": {}
}