{
  "timestamp": "2026-02-19T13:36:03.028100",
  "wallet_address": "CdJSUeHX49eFK8hixbfDKNRLTakYcy59MbVEh8pDnn9U",
  "sol_balance": 0.744869857,
  "usdc_balance": 144.191321,
  "wbtc_balance": 0,
  "bnb_balance": 0.04898556,
  "sol_price_usd": 81.7,
  "btc_price_usd": 66873,
  "bnb_price_usd": 608.24,
  "eth_price_usd": 1974.84,
  "sol_value_usd": 60.8558673169,
  "wbtc_value_usd": 0,
  "bnb_value_usd": 29.7949770144,
  "total_usd": 234.84,
  "meme_holdings": {}
}