{
  "timestamp": "2026-02-22T03:08:22.463178",
  "wallet_address": "CdJSUeHX49eFK8hixbfDKNRLTakYcy59MbVEh8pDnn9U",
  "sol_balance": 0.61941447,
  "usdc_balance": 50.95271,
  "wbtc_balance": 0,
  "bnb_balance": 0.04898556,
  "sol_price_usd": 86.29,
  "btc_price_usd": 68405,
  "bnb_price_usd": 627.71,
  "eth_price_usd": 1989.37,
  "sol_value_usd": 53.44927461630001,
  "wbtc_value_usd": 0,
  "bnb_value_usd": 30.7487258676,
  "total_usd": 135.15,
  "meme_holdings": {}
}