{
  "timestamp": "2026-02-16T12:03:14.000103",
  "wallet_address": "CdJSUeHX49eFK8hixbfDKNRLTakYcy59MbVEh8pDnn9U",
  "sol_balance": 0.272093264,
  "usdc_balance": 461.842791,
  "wbtc_balance": 1e-08,
  "bnb_balance": 0.03265508,
  "sol_price_usd": 85.44,
  "btc_price_usd": 68300,
  "bnb_price_usd": 612.13,
  "eth_price_usd": 1956.4,
  "sol_value_usd": 23.24764847616,
  "wbtc_value_usd": 0.000683,
  "bnb_value_usd": 19.989154120400002,
  "total_usd": 505.08
}