{
  "timestamp": "2026-02-20T01:09:41.557251",
  "wallet_address": "CdJSUeHX49eFK8hixbfDKNRLTakYcy59MbVEh8pDnn9U",
  "sol_balance": 0.68736298,
  "usdc_balance": 144.191321,
  "wbtc_balance": 0,
  "bnb_balance": 0.04898556,
  "sol_price_usd": 80.51,
  "btc_price_usd": 66256,
  "bnb_price_usd": 599.21,
  "eth_price_usd": 1921.91,
  "sol_value_usd": 55.3395935198,
  "wbtc_value_usd": 0,
  "bnb_value_usd": 29.3526374076,
  "total_usd": 228.88,
  "meme_holdings": {}
}