{
  "timestamp": "2026-02-21T19:33:55.450354",
  "wallet_address": "CdJSUeHX49eFK8hixbfDKNRLTakYcy59MbVEh8pDnn9U",
  "sol_balance": 1.20072116,
  "usdc_balance": 2.561398,
  "wbtc_balance": 0,
  "bnb_balance": 0.04898556,
  "sol_price_usd": 85.05,
  "btc_price_usd": 68187,
  "bnb_price_usd": 629.49,
  "eth_price_usd": 1973.2,
  "sol_value_usd": 102.12133465800001,
  "wbtc_value_usd": 0,
  "bnb_value_usd": 30.835920164399997,
  "total_usd": 135.52,
  "meme_holdings": {}
}