{
  "timestamp": "2026-02-22T00:59:55.218794",
  "wallet_address": "CdJSUeHX49eFK8hixbfDKNRLTakYcy59MbVEh8pDnn9U",
  "sol_balance": 0.62214143,
  "usdc_balance": 51.949887,
  "wbtc_balance": 0,
  "bnb_balance": 0.04898556,
  "sol_price_usd": 86.6,
  "btc_price_usd": 68595,
  "bnb_price_usd": 628.12,
  "eth_price_usd": 1988.87,
  "sol_value_usd": 53.877447837999995,
  "wbtc_value_usd": 0,
  "bnb_value_usd": 30.768809947199998,
  "total_usd": 136.6,
  "meme_holdings": {}
}