{
  "timestamp": "2026-02-18T15:14:52.577576",
  "wallet_address": "CdJSUeHX49eFK8hixbfDKNRLTakYcy59MbVEh8pDnn9U",
  "sol_balance": 1.144034019,
  "usdc_balance": 66.208852,
  "wbtc_balance": 0,
  "bnb_balance": 0.04898556,
  "sol_price_usd": 84.9,
  "btc_price_usd": 67668,
  "bnb_price_usd": 616.29,
  "eth_price_usd": 1998.4,
  "sol_value_usd": 97.12848821310001,
  "wbtc_value_usd": 0,
  "bnb_value_usd": 30.189310772399995,
  "total_usd": 294.24,
  "meme_holdings": {}
}