{
  "timestamp": "2026-02-18T15:45:39.801925",
  "wallet_address": "CdJSUeHX49eFK8hixbfDKNRLTakYcy59MbVEh8pDnn9U",
  "sol_balance": 1.144034019,
  "usdc_balance": 66.208852,
  "wbtc_balance": 0,
  "bnb_balance": 0.04898556,
  "sol_price_usd": 85.05,
  "btc_price_usd": 67852,
  "bnb_price_usd": 617.37,
  "eth_price_usd": 2003.28,
  "sol_value_usd": 97.30009331595,
  "wbtc_value_usd": 0,
  "bnb_value_usd": 30.2422151772,
  "total_usd": 294.71,
  "meme_holdings": {}
}