{
  "timestamp": "2026-02-15T22:49:56.226502",
  "wallet_address": "CdJSUeHX49eFK8hixbfDKNRLTakYcy59MbVEh8pDnn9U",
  "sol_balance": 0.049837324,
  "usdc_balance": 463.139243,
  "wbtc_balance": 0.00028823,
  "bnb_balance": 0.03222343,
  "other_tokens": [],
  "sol_price_usd": 87.42,
  "btc_price_usd": 68992,
  "bnb_price_usd": 618.49,
  "sol_value_usd": 4.356778864080001,
  "wbtc_value_usd": 19.88556416,
  "bnb_value_usd": 19.9298692207,
  "total_usd": 507.31145524478006
}