{
  "timestamp": "2026-02-18T21:08:47.391925",
  "wallet_address": "CdJSUeHX49eFK8hixbfDKNRLTakYcy59MbVEh8pDnn9U",
  "sol_balance": 0.90399023,
  "usdc_balance": 67.443709,
  "wbtc_balance": 0,
  "bnb_balance": 0.04898556,
  "sol_price_usd": 83.23,
  "btc_price_usd": 67438,
  "bnb_price_usd": 615.29,
  "eth_price_usd": 1984.62,
  "sol_value_usd": 75.2391068429,
  "wbtc_value_usd": 0,
  "bnb_value_usd": 30.140325212399997,
  "total_usd": 271.83,
  "meme_holdings": {}
}