{
  "timestamp": "2026-02-19T18:13:16.966653",
  "wallet_address": "CdJSUeHX49eFK8hixbfDKNRLTakYcy59MbVEh8pDnn9U",
  "sol_balance": 0.698147892,
  "usdc_balance": 144.191321,
  "wbtc_balance": 0,
  "bnb_balance": 0.04898556,
  "sol_price_usd": 81.65,
  "btc_price_usd": 67002,
  "bnb_price_usd": 606.24,
  "eth_price_usd": 1972.75,
  "sol_value_usd": 57.00377538180001,
  "wbtc_value_usd": 0,
  "bnb_value_usd": 29.6970058944,
  "total_usd": 230.89,
  "meme_holdings": {}
}