{
  "timestamp": "2026-02-18T10:52:29.580142",
  "wallet_address": "CdJSUeHX49eFK8hixbfDKNRLTakYcy59MbVEh8pDnn9U",
  "sol_balance": 0.981815587,
  "usdc_balance": 70.092669,
  "wbtc_balance": 0,
  "bnb_balance": 0.04898556,
  "sol_price_usd": 84.14,
  "btc_price_usd": 67115,
  "bnb_price_usd": 614.6,
  "eth_price_usd": 1976.98,
  "sol_value_usd": 82.60996349018001,
  "wbtc_value_usd": 0,
  "bnb_value_usd": 30.106525175999998,
  "total_usd": 282.45,
  "meme_holdings": {}
}