{
  "timestamp": "2026-02-18T08:37:16.153624",
  "wallet_address": "CdJSUeHX49eFK8hixbfDKNRLTakYcy59MbVEh8pDnn9U",
  "sol_balance": 1.131741172,
  "usdc_balance": 170.092669,
  "wbtc_balance": 0,
  "bnb_balance": 0.04898556,
  "sol_price_usd": 85.19,
  "btc_price_usd": 67530,
  "bnb_price_usd": 617.29,
  "eth_price_usd": 1994.54,
  "sol_value_usd": 96.41303044267998,
  "wbtc_value_usd": 0,
  "bnb_value_usd": 30.238296332399997,
  "total_usd": 296.74,
  "meme_holdings": {}
}