{
  "timestamp": "2026-02-15T12:24:39.451694",
  "wallet_address": "CdJSUeHX49eFK8hixbfDKNRLTakYcy59MbVEh8pDnn9U",
  "sol_balance": 0.085100463,
  "usdc_balance": 480.97533,
  "wbtc_balance": 0.00028823,
  "bnb_balance": 0,
  "other_tokens": [],
  "sol_price_usd": 88.08,
  "btc_price_usd": 69517,
  "bnb_price_usd": 630.97,
  "sol_value_usd": 7.49564878104,
  "wbtc_value_usd": 20.03688491,
  "bnb_value_usd": 0.0,
  "total_usd": 508.50786369104003
}