{
  "timestamp": "2026-02-16T03:07:57.702644",
  "wallet_address": "CdJSUeHX49eFK8hixbfDKNRLTakYcy59MbVEh8pDnn9U",
  "sol_balance": 0.043004543,
  "usdc_balance": 482.429288,
  "wbtc_balance": 1e-08,
  "bnb_balance": 0.03222343,
  "sol_price_usd": 86.27,
  "btc_price_usd": 68539,
  "bnb_price_usd": 613.18,
  "sol_value_usd": 3.71000192461,
  "wbtc_value_usd": 0.00068539,
  "bnb_value_usd": 19.758762807399997,
  "total_usd": 505.9
}