{
  "timestamp": "2026-02-21T20:23:18.575092",
  "wallet_address": "CdJSUeHX49eFK8hixbfDKNRLTakYcy59MbVEh8pDnn9U",
  "sol_balance": 0.62214143,
  "usdc_balance": 51.949887,
  "wbtc_balance": 0,
  "bnb_balance": 0.04898556,
  "sol_price_usd": 85.37,
  "btc_price_usd": 68222,
  "bnb_price_usd": 630.84,
  "eth_price_usd": 1978.69,
  "sol_value_usd": 53.112213879100004,
  "wbtc_value_usd": 0,
  "bnb_value_usd": 30.9020506704,
  "total_usd": 135.96,
  "meme_holdings": {}
}