{
  "timestamp": "2026-02-18T09:47:57.761842",
  "wallet_address": "CdJSUeHX49eFK8hixbfDKNRLTakYcy59MbVEh8pDnn9U",
  "sol_balance": 1.073753347,
  "usdc_balance": 170.092669,
  "wbtc_balance": 0,
  "bnb_balance": 0.04898556,
  "sol_price_usd": 85.31,
  "btc_price_usd": 67559,
  "bnb_price_usd": 618.71,
  "eth_price_usd": 1993.72,
  "sol_value_usd": 91.60189803257,
  "wbtc_value_usd": 0,
  "bnb_value_usd": 30.3078558276,
  "total_usd": 292.0,
  "meme_holdings": {}
}