{
  "timestamp": "2026-02-19T05:40:09.630651",
  "wallet_address": "CdJSUeHX49eFK8hixbfDKNRLTakYcy59MbVEh8pDnn9U",
  "sol_balance": 0.856969964,
  "usdc_balance": 145.73442,
  "wbtc_balance": 0,
  "bnb_balance": 0.04898556,
  "sol_price_usd": 81.08,
  "btc_price_usd": 66287,
  "bnb_price_usd": 603.61,
  "eth_price_usd": 1940.3,
  "sol_value_usd": 69.48312468112,
  "wbtc_value_usd": 0,
  "bnb_value_usd": 29.5681738716,
  "total_usd": 244.79,
  "meme_holdings": {}
}