{
  "timestamp": "2026-02-16T13:57:27.591354",
  "wallet_address": "CdJSUeHX49eFK8hixbfDKNRLTakYcy59MbVEh8pDnn9U",
  "sol_balance": 0.272008653,
  "usdc_balance": 461.714844,
  "wbtc_balance": 1e-08,
  "bnb_balance": 0.03265508,
  "sol_price_usd": 85.32,
  "btc_price_usd": 68706,
  "bnb_price_usd": 616.07,
  "eth_price_usd": 1966.54,
  "sol_value_usd": 23.20777827396,
  "wbtc_value_usd": 0.00068706,
  "bnb_value_usd": 20.117815135600004,
  "total_usd": 505.04
}