{
  "timestamp": "2026-02-18T10:58:38.884341",
  "wallet_address": "CdJSUeHX49eFK8hixbfDKNRLTakYcy59MbVEh8pDnn9U",
  "sol_balance": 0.981815587,
  "usdc_balance": 70.092669,
  "wbtc_balance": 0,
  "bnb_balance": 0.04898556,
  "sol_price_usd": 84.1,
  "btc_price_usd": 67089,
  "bnb_price_usd": 613.97,
  "eth_price_usd": 1975.39,
  "sol_value_usd": 82.5706908667,
  "wbtc_value_usd": 0,
  "bnb_value_usd": 30.0756642732,
  "total_usd": 282.3,
  "meme_holdings": {}
}