{
  "timestamp": "2026-02-19T15:36:12.221671",
  "wallet_address": "CdJSUeHX49eFK8hixbfDKNRLTakYcy59MbVEh8pDnn9U",
  "sol_balance": 0.744806794,
  "usdc_balance": 144.191321,
  "wbtc_balance": 0,
  "bnb_balance": 0.04898556,
  "sol_price_usd": 82.34,
  "btc_price_usd": 67158,
  "bnb_price_usd": 613.83,
  "eth_price_usd": 1980.92,
  "sol_value_usd": 61.32739141796001,
  "wbtc_value_usd": 0,
  "bnb_value_usd": 30.0688062948,
  "total_usd": 235.59,
  "meme_holdings": {}
}