{
  "timestamp": "2026-02-16T10:00:49.303857",
  "wallet_address": "CdJSUeHX49eFK8hixbfDKNRLTakYcy59MbVEh8pDnn9U",
  "sol_balance": 0.277131782,
  "usdc_balance": 462.057735,
  "wbtc_balance": 1e-08,
  "bnb_balance": 0.03265508,
  "sol_price_usd": 86.11,
  "btc_price_usd": 68826,
  "bnb_price_usd": 615.94,
  "sol_value_usd": 23.86381774802,
  "wbtc_value_usd": 0.00068826,
  "bnb_value_usd": 20.113569975200004,
  "total_usd": 506.04
}