{
  "timestamp": "2026-02-18T17:09:46.575417",
  "wallet_address": "CdJSUeHX49eFK8hixbfDKNRLTakYcy59MbVEh8pDnn9U",
  "sol_balance": 1.144016678,
  "usdc_balance": 167.443709,
  "wbtc_balance": 0,
  "bnb_balance": 0.04898556,
  "sol_price_usd": 85.36,
  "btc_price_usd": 68146,
  "bnb_price_usd": 620.75,
  "eth_price_usd": 2018.49,
  "sol_value_usd": 97.65326363408,
  "wbtc_value_usd": 0,
  "bnb_value_usd": 30.40778637,
  "total_usd": 295.5,
  "meme_holdings": {}
}