{
  "timestamp": "2026-02-19T20:59:34.980621",
  "wallet_address": "CdJSUeHX49eFK8hixbfDKNRLTakYcy59MbVEh8pDnn9U",
  "sol_balance": 0.68736298,
  "usdc_balance": 144.191321,
  "wbtc_balance": 0,
  "bnb_balance": 0.04898556,
  "sol_price_usd": 81.31,
  "btc_price_usd": 66543,
  "bnb_price_usd": 604.04,
  "eth_price_usd": 1953.09,
  "sol_value_usd": 55.8894839038,
  "wbtc_value_usd": 0,
  "bnb_value_usd": 29.589237662399995,
  "total_usd": 229.67,
  "meme_holdings": {}
}