{
  "timestamp": "2026-02-21T20:38:45.561109",
  "wallet_address": "CdJSUeHX49eFK8hixbfDKNRLTakYcy59MbVEh8pDnn9U",
  "sol_balance": 0.62214143,
  "usdc_balance": 51.949887,
  "wbtc_balance": 0,
  "bnb_balance": 0.04898556,
  "sol_price_usd": 85.35,
  "btc_price_usd": 68129,
  "bnb_price_usd": 629.85,
  "eth_price_usd": 1980.24,
  "sol_value_usd": 53.099771050499996,
  "wbtc_value_usd": 0,
  "bnb_value_usd": 30.853554966,
  "total_usd": 135.9,
  "meme_holdings": {}
}