{
  "timestamp": "2026-02-19T17:50:42.705699",
  "wallet_address": "CdJSUeHX49eFK8hixbfDKNRLTakYcy59MbVEh8pDnn9U",
  "sol_balance": 0.698147892,
  "usdc_balance": 144.191321,
  "wbtc_balance": 0,
  "bnb_balance": 0.04898556,
  "sol_price_usd": 81.75,
  "btc_price_usd": 66909,
  "bnb_price_usd": 606.06,
  "eth_price_usd": 1969.43,
  "sol_value_usd": 57.073590171000006,
  "wbtc_value_usd": 0,
  "bnb_value_usd": 29.688188493599995,
  "total_usd": 230.95,
  "meme_holdings": {}
}