{
  "timestamp": "2026-02-18T16:09:16.295546",
  "wallet_address": "CdJSUeHX49eFK8hixbfDKNRLTakYcy59MbVEh8pDnn9U",
  "sol_balance": 1.144034019,
  "usdc_balance": 66.208852,
  "wbtc_balance": 0,
  "bnb_balance": 0.04898556,
  "sol_price_usd": 84.86,
  "btc_price_usd": 67794,
  "bnb_price_usd": 616.74,
  "eth_price_usd": 2002.78,
  "sol_value_usd": 97.08272685234,
  "wbtc_value_usd": 0,
  "bnb_value_usd": 30.211354274399998,
  "total_usd": 294.44,
  "meme_holdings": {}
}