{
  "timestamp": "2026-02-18T21:36:29.386532",
  "wallet_address": "CdJSUeHX49eFK8hixbfDKNRLTakYcy59MbVEh8pDnn9U",
  "sol_balance": 0.89040644,
  "usdc_balance": 67.443709,
  "wbtc_balance": 0,
  "bnb_balance": 0.04898556,
  "sol_price_usd": 83.12,
  "btc_price_usd": 67526,
  "bnb_price_usd": 615.13,
  "eth_price_usd": 1979.91,
  "sol_value_usd": 74.0105832928,
  "wbtc_value_usd": 0,
  "bnb_value_usd": 30.132487522799998,
  "total_usd": 270.36,
  "meme_holdings": {}
}