{
  "timestamp": "2026-02-19T00:44:17.651432",
  "wallet_address": "CdJSUeHX49eFK8hixbfDKNRLTakYcy59MbVEh8pDnn9U",
  "sol_balance": 0.856969964,
  "usdc_balance": 145.73442,
  "wbtc_balance": 0,
  "bnb_balance": 0.04898556,
  "sol_price_usd": 83.18,
  "btc_price_usd": 67876,
  "bnb_price_usd": 619.17,
  "eth_price_usd": 1998.79,
  "sol_value_usd": 71.28276160552001,
  "wbtc_value_usd": 0,
  "bnb_value_usd": 30.330389185199998,
  "total_usd": 247.35,
  "meme_holdings": {}
}