{
  "timestamp": "2026-02-21T19:47:18.232596",
  "wallet_address": "CdJSUeHX49eFK8hixbfDKNRLTakYcy59MbVEh8pDnn9U",
  "sol_balance": 1.20072116,
  "usdc_balance": 2.561398,
  "wbtc_balance": 0,
  "bnb_balance": 0.04898556,
  "sol_price_usd": 85.07,
  "btc_price_usd": 68177,
  "bnb_price_usd": 629.63,
  "eth_price_usd": 1973.45,
  "sol_value_usd": 102.1453490812,
  "wbtc_value_usd": 0,
  "bnb_value_usd": 30.842778142799997,
  "total_usd": 135.55,
  "meme_holdings": {}
}