{
  "timestamp": "2026-02-19T21:47:51.864728",
  "wallet_address": "CdJSUeHX49eFK8hixbfDKNRLTakYcy59MbVEh8pDnn9U",
  "sol_balance": 0.68736298,
  "usdc_balance": 144.191321,
  "wbtc_balance": 0,
  "bnb_balance": 0.04898556,
  "sol_price_usd": 81.05,
  "btc_price_usd": 66615,
  "bnb_price_usd": 606.0,
  "eth_price_usd": 1954.09,
  "sol_value_usd": 55.710769529,
  "wbtc_value_usd": 0,
  "bnb_value_usd": 29.685249359999997,
  "total_usd": 229.59,
  "meme_holdings": {}
}