{
  "timestamp": "2026-02-16T13:05:59.249254",
  "wallet_address": "CdJSUeHX49eFK8hixbfDKNRLTakYcy59MbVEh8pDnn9U",
  "sol_balance": 0.272093264,
  "usdc_balance": 461.842791,
  "wbtc_balance": 1e-08,
  "bnb_balance": 0.03265508,
  "sol_price_usd": 85.06,
  "btc_price_usd": 68386,
  "bnb_price_usd": 613.17,
  "eth_price_usd": 1957.77,
  "sol_value_usd": 23.144253035840002,
  "wbtc_value_usd": 0.00068386,
  "bnb_value_usd": 20.023115403600002,
  "total_usd": 505.01
}