{
  "timestamp": "2026-02-19T22:22:46.534795",
  "wallet_address": "CdJSUeHX49eFK8hixbfDKNRLTakYcy59MbVEh8pDnn9U",
  "sol_balance": 0.68736298,
  "usdc_balance": 144.191321,
  "wbtc_balance": 0,
  "bnb_balance": 0.04898556,
  "sol_price_usd": 80.48,
  "btc_price_usd": 66194,
  "bnb_price_usd": 603.74,
  "eth_price_usd": 1933.55,
  "sol_value_usd": 55.3189726304,
  "wbtc_value_usd": 0,
  "bnb_value_usd": 29.5745419944,
  "total_usd": 229.08,
  "meme_holdings": {}
}