{
  "timestamp": "2026-02-18T19:33:21.521319",
  "wallet_address": "CdJSUeHX49eFK8hixbfDKNRLTakYcy59MbVEh8pDnn9U",
  "sol_balance": 1.081870885,
  "usdc_balance": 167.443709,
  "wbtc_balance": 0,
  "bnb_balance": 0.04898556,
  "sol_price_usd": 85.0,
  "btc_price_usd": 67984,
  "bnb_price_usd": 621.83,
  "eth_price_usd": 2010.07,
  "sol_value_usd": 91.959025225,
  "wbtc_value_usd": 0,
  "bnb_value_usd": 30.4606907748,
  "total_usd": 289.86,
  "meme_holdings": {}
}