{
  "timestamp": "2026-02-15T12:05:18.376758",
  "wallet_address": "CdJSUeHX49eFK8hixbfDKNRLTakYcy59MbVEh8pDnn9U",
  "sol_balance": 0.085100463,
  "usdc_balance": 480.97533,
  "wbtc_balance": 0.00028823,
  "bnb_balance": 0,
  "other_tokens": [],
  "sol_price_usd": 88.06,
  "btc_price_usd": 69518,
  "bnb_price_usd": 631.09,
  "sol_value_usd": 7.49394677178,
  "wbtc_value_usd": 20.03717314,
  "bnb_value_usd": 0.0,
  "total_usd": 508.50644991177995
}