{
  "timestamp": "2026-02-22T02:19:02.689749",
  "wallet_address": "CdJSUeHX49eFK8hixbfDKNRLTakYcy59MbVEh8pDnn9U",
  "sol_balance": 0.62214143,
  "usdc_balance": 51.949887,
  "wbtc_balance": 0,
  "bnb_balance": 0.04898556,
  "sol_price_usd": 85.98,
  "btc_price_usd": 68278,
  "bnb_price_usd": 626.05,
  "eth_price_usd": 1986.76,
  "sol_value_usd": 53.4917201514,
  "wbtc_value_usd": 0,
  "bnb_value_usd": 30.667409837999998,
  "total_usd": 136.11,
  "meme_holdings": {}
}