{
  "timestamp": "2026-02-18T22:30:50.736226",
  "wallet_address": "CdJSUeHX49eFK8hixbfDKNRLTakYcy59MbVEh8pDnn9U",
  "sol_balance": 0.787699448,
  "usdc_balance": 165.73442,
  "wbtc_balance": 0,
  "bnb_balance": 0.04898556,
  "sol_price_usd": 83.12,
  "btc_price_usd": 67461,
  "bnb_price_usd": 616.27,
  "eth_price_usd": 1986.93,
  "sol_value_usd": 65.47357811776,
  "wbtc_value_usd": 0,
  "bnb_value_usd": 30.188331061199996,
  "total_usd": 261.4,
  "meme_holdings": {}
}