{
  "timestamp": "2026-02-19T18:50:15.093171",
  "wallet_address": "CdJSUeHX49eFK8hixbfDKNRLTakYcy59MbVEh8pDnn9U",
  "sol_balance": 0.698147892,
  "usdc_balance": 144.191321,
  "wbtc_balance": 0,
  "bnb_balance": 0.04898556,
  "sol_price_usd": 81.73,
  "btc_price_usd": 67019,
  "bnb_price_usd": 608.36,
  "eth_price_usd": 1972.63,
  "sol_value_usd": 57.059627213160006,
  "wbtc_value_usd": 0,
  "bnb_value_usd": 29.8008552816,
  "total_usd": 231.05,
  "meme_holdings": {}
}