{
  "timestamp": "2026-02-18T22:21:37.332756",
  "wallet_address": "CdJSUeHX49eFK8hixbfDKNRLTakYcy59MbVEh8pDnn9U",
  "sol_balance": 0.890398904,
  "usdc_balance": 165.73442,
  "wbtc_balance": 0,
  "bnb_balance": 0.04898556,
  "sol_price_usd": 83.17,
  "btc_price_usd": 67533,
  "bnb_price_usd": 616.47,
  "eth_price_usd": 1989.87,
  "sol_value_usd": 74.05447684568,
  "wbtc_value_usd": 0,
  "bnb_value_usd": 30.1981281732,
  "total_usd": 269.99,
  "meme_holdings": {}
}