{
  "timestamp": "2026-02-19T16:11:05.659313",
  "wallet_address": "CdJSUeHX49eFK8hixbfDKNRLTakYcy59MbVEh8pDnn9U",
  "sol_balance": 0.744806794,
  "usdc_balance": 144.191321,
  "wbtc_balance": 0,
  "bnb_balance": 0.04898556,
  "sol_price_usd": 82.36,
  "btc_price_usd": 67134,
  "bnb_price_usd": 613.46,
  "eth_price_usd": 1983.13,
  "sol_value_usd": 61.34228755384,
  "wbtc_value_usd": 0,
  "bnb_value_usd": 30.0506816376,
  "total_usd": 235.58,
  "meme_holdings": {}
}