{
  "timestamp": "2026-02-19T22:17:38.858542",
  "wallet_address": "CdJSUeHX49eFK8hixbfDKNRLTakYcy59MbVEh8pDnn9U",
  "sol_balance": 0.68736298,
  "usdc_balance": 144.191321,
  "wbtc_balance": 0,
  "bnb_balance": 0.04898556,
  "sol_price_usd": 80.4,
  "btc_price_usd": 66343,
  "bnb_price_usd": 603.99,
  "eth_price_usd": 1936.76,
  "sol_value_usd": 55.263983592,
  "wbtc_value_usd": 0,
  "bnb_value_usd": 29.5867883844,
  "total_usd": 229.04,
  "meme_holdings": {}
}