{
  "timestamp": "2026-02-19T03:46:11.647528",
  "wallet_address": "CdJSUeHX49eFK8hixbfDKNRLTakYcy59MbVEh8pDnn9U",
  "sol_balance": 0.856969964,
  "usdc_balance": 145.73442,
  "wbtc_balance": 0,
  "bnb_balance": 0.04898556,
  "sol_price_usd": 81.71,
  "btc_price_usd": 66836,
  "bnb_price_usd": 613.29,
  "eth_price_usd": 1967.19,
  "sol_value_usd": 70.02301575844,
  "wbtc_value_usd": 0,
  "bnb_value_usd": 30.042354092399997,
  "total_usd": 245.8,
  "meme_holdings": {}
}