{
  "timestamp": "2026-02-18T17:35:24.356911",
  "wallet_address": "CdJSUeHX49eFK8hixbfDKNRLTakYcy59MbVEh8pDnn9U",
  "sol_balance": 1.144016678,
  "usdc_balance": 167.443709,
  "wbtc_balance": 0,
  "bnb_balance": 0.04898556,
  "sol_price_usd": 85.74,
  "btc_price_usd": 68283,
  "bnb_price_usd": 623.91,
  "eth_price_usd": 2030.39,
  "sol_value_usd": 98.08798997172,
  "wbtc_value_usd": 0,
  "bnb_value_usd": 30.562580739599998,
  "total_usd": 296.09,
  "meme_holdings": {}
}