{
  "timestamp": "2026-02-15T15:14:35.033131",
  "wallet_address": "CdJSUeHX49eFK8hixbfDKNRLTakYcy59MbVEh8pDnn9U",
  "sol_balance": 0.085100463,
  "usdc_balance": 480.97533,
  "wbtc_balance": 0.00028823,
  "bnb_balance": 0,
  "other_tokens": [],
  "sol_price_usd": 89.6,
  "btc_price_usd": 70187,
  "bnb_price_usd": 635.65,
  "sol_value_usd": 7.625001484799999,
  "wbtc_value_usd": 20.22999901,
  "bnb_value_usd": 0.0,
  "total_usd": 508.8303304948
}