{
  "timestamp": "2026-02-22T01:15:21.392794",
  "wallet_address": "CdJSUeHX49eFK8hixbfDKNRLTakYcy59MbVEh8pDnn9U",
  "sol_balance": 0.62214143,
  "usdc_balance": 51.949887,
  "wbtc_balance": 0,
  "bnb_balance": 0.04898556,
  "sol_price_usd": 86.4,
  "btc_price_usd": 68385,
  "bnb_price_usd": 626.17,
  "eth_price_usd": 1980.46,
  "sol_value_usd": 53.753019552000005,
  "wbtc_value_usd": 0,
  "bnb_value_usd": 30.673288105199997,
  "total_usd": 136.38,
  "meme_holdings": {}
}