{
  "timestamp": "2026-02-18T16:05:10.279986",
  "wallet_address": "CdJSUeHX49eFK8hixbfDKNRLTakYcy59MbVEh8pDnn9U",
  "sol_balance": 1.144034019,
  "usdc_balance": 66.208852,
  "wbtc_balance": 0,
  "bnb_balance": 0.04898556,
  "sol_price_usd": 84.98,
  "btc_price_usd": 67797,
  "bnb_price_usd": 616.45,
  "eth_price_usd": 2001.44,
  "sol_value_usd": 97.22001093462,
  "wbtc_value_usd": 0,
  "bnb_value_usd": 30.197148462,
  "total_usd": 294.5,
  "meme_holdings": {}
}