{
  "timestamp": "2026-02-19T12:01:40.568830",
  "wallet_address": "CdJSUeHX49eFK8hixbfDKNRLTakYcy59MbVEh8pDnn9U",
  "sol_balance": 0.747277767,
  "usdc_balance": 144.191321,
  "wbtc_balance": 0,
  "bnb_balance": 0.04898556,
  "sol_price_usd": 81.57,
  "btc_price_usd": 66813,
  "bnb_price_usd": 605.79,
  "eth_price_usd": 1966.83,
  "sol_value_usd": 60.95544745419,
  "wbtc_value_usd": 0,
  "bnb_value_usd": 29.674962392399998,
  "total_usd": 234.82,
  "meme_holdings": {}
}