{
  "timestamp": "2026-02-18T10:25:51.891922",
  "wallet_address": "CdJSUeHX49eFK8hixbfDKNRLTakYcy59MbVEh8pDnn9U",
  "sol_balance": 1.071586622,
  "usdc_balance": 70.092669,
  "wbtc_balance": 0,
  "bnb_balance": 0.04898556,
  "sol_price_usd": 84.45,
  "btc_price_usd": 67113,
  "bnb_price_usd": 614.37,
  "eth_price_usd": 1974.58,
  "sol_value_usd": 90.4954902279,
  "wbtc_value_usd": 0,
  "bnb_value_usd": 30.0952584972,
  "total_usd": 290.2,
  "meme_holdings": {}
}