{
  "timestamp": "2026-02-18T18:02:03.352178",
  "wallet_address": "CdJSUeHX49eFK8hixbfDKNRLTakYcy59MbVEh8pDnn9U",
  "sol_balance": 1.144016678,
  "usdc_balance": 167.443709,
  "wbtc_balance": 0,
  "bnb_balance": 0.04898556,
  "sol_price_usd": 85.41,
  "btc_price_usd": 68082,
  "bnb_price_usd": 623.18,
  "eth_price_usd": 2019.55,
  "sol_value_usd": 97.71046446798,
  "wbtc_value_usd": 0,
  "bnb_value_usd": 30.526821280799997,
  "total_usd": 295.68,
  "meme_holdings": {}
}