{
  "timestamp": "2026-02-18T20:00:01.793663",
  "wallet_address": "CdJSUeHX49eFK8hixbfDKNRLTakYcy59MbVEh8pDnn9U",
  "sol_balance": 1.081859385,
  "usdc_balance": 67.443709,
  "wbtc_balance": 0,
  "bnb_balance": 0.04898556,
  "sol_price_usd": 84.25,
  "btc_price_usd": 67763,
  "bnb_price_usd": 618.67,
  "eth_price_usd": 1996.08,
  "sol_value_usd": 91.14665318625,
  "wbtc_value_usd": 0,
  "bnb_value_usd": 30.305896405199995,
  "total_usd": 288.47,
  "meme_holdings": {}
}