{
  "timestamp": "2026-02-19T04:51:54.617396",
  "wallet_address": "CdJSUeHX49eFK8hixbfDKNRLTakYcy59MbVEh8pDnn9U",
  "sol_balance": 0.856969964,
  "usdc_balance": 145.73442,
  "wbtc_balance": 0,
  "bnb_balance": 0.04898556,
  "sol_price_usd": 80.98,
  "btc_price_usd": 66264,
  "bnb_price_usd": 604.24,
  "eth_price_usd": 1937.57,
  "sol_value_usd": 69.39742768472,
  "wbtc_value_usd": 0,
  "bnb_value_usd": 29.5990347744,
  "total_usd": 244.73,
  "meme_holdings": {}
}