{
  "timestamp": "2026-02-22T00:45:32.137741",
  "wallet_address": "CdJSUeHX49eFK8hixbfDKNRLTakYcy59MbVEh8pDnn9U",
  "sol_balance": 0.62214143,
  "usdc_balance": 51.949887,
  "wbtc_balance": 0,
  "bnb_balance": 0.04898556,
  "sol_price_usd": 86.37,
  "btc_price_usd": 68496,
  "bnb_price_usd": 629.58,
  "eth_price_usd": 1988.0,
  "sol_value_usd": 53.7343553091,
  "wbtc_value_usd": 0,
  "bnb_value_usd": 30.8403288648,
  "total_usd": 136.52,
  "meme_holdings": {}
}