{
  "timestamp": "2026-02-18T21:44:41.799915",
  "wallet_address": "CdJSUeHX49eFK8hixbfDKNRLTakYcy59MbVEh8pDnn9U",
  "sol_balance": 0.890398904,
  "usdc_balance": 165.73442,
  "wbtc_balance": 0,
  "bnb_balance": 0.04898556,
  "sol_price_usd": 82.71,
  "btc_price_usd": 67413,
  "bnb_price_usd": 614.27,
  "eth_price_usd": 1975.95,
  "sol_value_usd": 73.64489334983999,
  "wbtc_value_usd": 0,
  "bnb_value_usd": 30.0903599412,
  "total_usd": 269.47,
  "meme_holdings": {}
}