{
  "timestamp": "2026-02-19T03:11:16.756888",
  "wallet_address": "CdJSUeHX49eFK8hixbfDKNRLTakYcy59MbVEh8pDnn9U",
  "sol_balance": 0.856969964,
  "usdc_balance": 145.73442,
  "wbtc_balance": 0,
  "bnb_balance": 0.04898556,
  "sol_price_usd": 82.2,
  "btc_price_usd": 67106,
  "bnb_price_usd": 615.55,
  "eth_price_usd": 1972.75,
  "sol_value_usd": 70.4429310408,
  "wbtc_value_usd": 0,
  "bnb_value_usd": 30.153061457999996,
  "total_usd": 246.33,
  "meme_holdings": {}
}