{
  "timestamp": "2026-02-20T01:02:28.603058",
  "wallet_address": "CdJSUeHX49eFK8hixbfDKNRLTakYcy59MbVEh8pDnn9U",
  "sol_balance": 0.68736298,
  "usdc_balance": 144.191321,
  "wbtc_balance": 0,
  "bnb_balance": 0.04898556,
  "sol_price_usd": 80.44,
  "btc_price_usd": 66247,
  "bnb_price_usd": 599.61,
  "eth_price_usd": 1919.54,
  "sol_value_usd": 55.29147811119999,
  "wbtc_value_usd": 0,
  "bnb_value_usd": 29.3722316316,
  "total_usd": 228.86,
  "meme_holdings": {}
}