{
  "timestamp": "2026-02-16T12:37:08.232923",
  "wallet_address": "CdJSUeHX49eFK8hixbfDKNRLTakYcy59MbVEh8pDnn9U",
  "sol_balance": 0.272093264,
  "usdc_balance": 461.842791,
  "wbtc_balance": 1e-08,
  "bnb_balance": 0.03265508,
  "sol_price_usd": 85.08,
  "btc_price_usd": 68158,
  "bnb_price_usd": 611.66,
  "eth_price_usd": 1950.65,
  "sol_value_usd": 23.14969490112,
  "wbtc_value_usd": 0.00068158,
  "bnb_value_usd": 19.9738062328,
  "total_usd": 504.97
}