{
  "timestamp": "2026-02-22T05:45:19.223166",
  "wallet_address": "CdJSUeHX49eFK8hixbfDKNRLTakYcy59MbVEh8pDnn9U",
  "sol_balance": 0.61941447,
  "usdc_balance": 50.95271,
  "wbtc_balance": 0,
  "bnb_balance": 0.04898556,
  "sol_price_usd": 86.04,
  "btc_price_usd": 68532,
  "bnb_price_usd": 626.69,
  "eth_price_usd": 1988.72,
  "sol_value_usd": 53.29442099880001,
  "wbtc_value_usd": 0,
  "bnb_value_usd": 30.6987605964,
  "total_usd": 134.95,
  "meme_holdings": {}
}