{
  "timestamp": "2026-02-22T04:48:55.932757",
  "wallet_address": "CdJSUeHX49eFK8hixbfDKNRLTakYcy59MbVEh8pDnn9U",
  "sol_balance": 0.61941447,
  "usdc_balance": 50.95271,
  "wbtc_balance": 0,
  "bnb_balance": 0.04898556,
  "sol_price_usd": 86.4,
  "btc_price_usd": 68588,
  "bnb_price_usd": 627.43,
  "eth_price_usd": 1989.7,
  "sol_value_usd": 53.51741020800001,
  "wbtc_value_usd": 0,
  "bnb_value_usd": 30.735009910799995,
  "total_usd": 135.21,
  "meme_holdings": {}
}