{
  "timestamp": "2026-02-19T15:04:18.864821",
  "wallet_address": "CdJSUeHX49eFK8hixbfDKNRLTakYcy59MbVEh8pDnn9U",
  "sol_balance": 0.75422947,
  "usdc_balance": 144.191321,
  "wbtc_balance": 0,
  "bnb_balance": 0.04898556,
  "sol_price_usd": 81.8,
  "btc_price_usd": 66851,
  "bnb_price_usd": 608.23,
  "eth_price_usd": 1969.68,
  "sol_value_usd": 61.69597064599999,
  "wbtc_value_usd": 0,
  "bnb_value_usd": 29.7944871588,
  "total_usd": 235.68,
  "meme_holdings": {}
}