{
  "timestamp": "2026-02-19T23:38:51.508308",
  "wallet_address": "CdJSUeHX49eFK8hixbfDKNRLTakYcy59MbVEh8pDnn9U",
  "sol_balance": 0.68736298,
  "usdc_balance": 144.191321,
  "wbtc_balance": 0,
  "bnb_balance": 0.04898556,
  "sol_price_usd": 80.24,
  "btc_price_usd": 65933,
  "bnb_price_usd": 600.0,
  "eth_price_usd": 1923.95,
  "sol_value_usd": 55.15400551519999,
  "wbtc_value_usd": 0,
  "bnb_value_usd": 29.391336,
  "total_usd": 228.74,
  "meme_holdings": {}
}