{
  "timestamp": "2026-02-22T03:01:11.416189",
  "wallet_address": "CdJSUeHX49eFK8hixbfDKNRLTakYcy59MbVEh8pDnn9U",
  "sol_balance": 0.61941447,
  "usdc_balance": 50.95271,
  "wbtc_balance": 0,
  "bnb_balance": 0.04898556,
  "sol_price_usd": 86.24,
  "btc_price_usd": 68412,
  "bnb_price_usd": 627.7,
  "eth_price_usd": 1989.15,
  "sol_value_usd": 53.418303892800004,
  "wbtc_value_usd": 0,
  "bnb_value_usd": 30.748236012,
  "total_usd": 135.12,
  "meme_holdings": {}
}