{
  "timestamp": "2026-02-19T21:19:06.524179",
  "wallet_address": "CdJSUeHX49eFK8hixbfDKNRLTakYcy59MbVEh8pDnn9U",
  "sol_balance": 0.68736298,
  "usdc_balance": 144.191321,
  "wbtc_balance": 0,
  "bnb_balance": 0.04898556,
  "sol_price_usd": 81.14,
  "btc_price_usd": 66514,
  "bnb_price_usd": 604.36,
  "eth_price_usd": 1949.72,
  "sol_value_usd": 55.7726321972,
  "wbtc_value_usd": 0,
  "bnb_value_usd": 29.6049130416,
  "total_usd": 229.57,
  "meme_holdings": {}
}