{
  "timestamp": "2026-02-21T23:44:56.014387",
  "wallet_address": "CdJSUeHX49eFK8hixbfDKNRLTakYcy59MbVEh8pDnn9U",
  "sol_balance": 0.62214143,
  "usdc_balance": 51.949887,
  "wbtc_balance": 0,
  "bnb_balance": 0.04898556,
  "sol_price_usd": 86.36,
  "btc_price_usd": 68542,
  "bnb_price_usd": 633.75,
  "eth_price_usd": 1989.39,
  "sol_value_usd": 53.7281338948,
  "wbtc_value_usd": 0,
  "bnb_value_usd": 31.044598649999998,
  "total_usd": 136.72,
  "meme_holdings": {}
}