{
  "timestamp": "2026-02-19T07:08:24.900944",
  "wallet_address": "CdJSUeHX49eFK8hixbfDKNRLTakYcy59MbVEh8pDnn9U",
  "sol_balance": 0.856969964,
  "usdc_balance": 145.73442,
  "wbtc_balance": 0,
  "bnb_balance": 0.04898556,
  "sol_price_usd": 81.24,
  "btc_price_usd": 66319,
  "bnb_price_usd": 604.12,
  "eth_price_usd": 1941.54,
  "sol_value_usd": 69.62023987536,
  "wbtc_value_usd": 0,
  "bnb_value_usd": 29.5931565072,
  "total_usd": 244.95,
  "meme_holdings": {}
}