{
  "timestamp": "2026-02-18T22:19:34.112654",
  "wallet_address": "CdJSUeHX49eFK8hixbfDKNRLTakYcy59MbVEh8pDnn9U",
  "sol_balance": 0.890398904,
  "usdc_balance": 165.73442,
  "wbtc_balance": 0,
  "bnb_balance": 0.04898556,
  "sol_price_usd": 83.05,
  "btc_price_usd": 67492,
  "bnb_price_usd": 615.66,
  "eth_price_usd": 1983.65,
  "sol_value_usd": 73.9476289772,
  "wbtc_value_usd": 0,
  "bnb_value_usd": 30.1584498696,
  "total_usd": 269.84,
  "meme_holdings": {}
}