{
  "timestamp": "2026-02-16T11:58:05.623263",
  "wallet_address": "CdJSUeHX49eFK8hixbfDKNRLTakYcy59MbVEh8pDnn9U",
  "sol_balance": 0.277131782,
  "usdc_balance": 462.057735,
  "wbtc_balance": 1e-08,
  "bnb_balance": 0.03265508,
  "sol_price_usd": 85.68,
  "btc_price_usd": 68340,
  "bnb_price_usd": 612.25,
  "eth_price_usd": 1956.04,
  "sol_value_usd": 23.74465108176,
  "wbtc_value_usd": 0.0006834,
  "bnb_value_usd": 19.99307273,
  "total_usd": 505.8
}