{
  "timestamp": "2026-02-19T11:56:32.418255",
  "wallet_address": "CdJSUeHX49eFK8hixbfDKNRLTakYcy59MbVEh8pDnn9U",
  "sol_balance": 0.747277767,
  "usdc_balance": 144.191321,
  "wbtc_balance": 0,
  "bnb_balance": 0.04898556,
  "sol_price_usd": 81.45,
  "btc_price_usd": 66683,
  "bnb_price_usd": 604.6,
  "eth_price_usd": 1963.47,
  "sol_value_usd": 60.86577412215001,
  "wbtc_value_usd": 0,
  "bnb_value_usd": 29.616669576,
  "total_usd": 234.67,
  "meme_holdings": {}
}