{
  "timestamp": "2026-02-15T23:29:42.722465",
  "wallet_address": "CdJSUeHX49eFK8hixbfDKNRLTakYcy59MbVEh8pDnn9U",
  "sol_balance": 0.049837324,
  "usdc_balance": 463.139243,
  "wbtc_balance": 0.00028823,
  "bnb_balance": 0.03222343,
  "sol_price_usd": 87.21,
  "btc_price_usd": 69015,
  "bnb_price_usd": 618.88,
  "sol_value_usd": 4.34631302604,
  "wbtc_value_usd": 19.89219345,
  "bnb_value_usd": 19.9424363584,
  "total_usd": 507.32
}