{
  "timestamp": "2026-02-19T21:05:44.823035",
  "wallet_address": "CdJSUeHX49eFK8hixbfDKNRLTakYcy59MbVEh8pDnn9U",
  "sol_balance": 0.68736298,
  "usdc_balance": 144.191321,
  "wbtc_balance": 0,
  "bnb_balance": 0.04898556,
  "sol_price_usd": 81.19,
  "btc_price_usd": 66464,
  "bnb_price_usd": 603.87,
  "eth_price_usd": 1948.31,
  "sol_value_usd": 55.80700034619999,
  "wbtc_value_usd": 0,
  "bnb_value_usd": 29.5809101172,
  "total_usd": 229.58,
  "meme_holdings": {}
}