{
  "timestamp": "2026-02-21T22:58:44.650801",
  "wallet_address": "CdJSUeHX49eFK8hixbfDKNRLTakYcy59MbVEh8pDnn9U",
  "sol_balance": 0.62214143,
  "usdc_balance": 51.949887,
  "wbtc_balance": 0,
  "bnb_balance": 0.04898556,
  "sol_price_usd": 85.42,
  "btc_price_usd": 68202,
  "bnb_price_usd": 631.98,
  "eth_price_usd": 1980.07,
  "sol_value_usd": 53.1433209506,
  "wbtc_value_usd": 0,
  "bnb_value_usd": 30.9578942088,
  "total_usd": 136.05,
  "meme_holdings": {}
}