{
  "timestamp": "2026-02-19T17:02:27.497525",
  "wallet_address": "CdJSUeHX49eFK8hixbfDKNRLTakYcy59MbVEh8pDnn9U",
  "sol_balance": 0.727533851,
  "usdc_balance": 144.191321,
  "wbtc_balance": 0,
  "bnb_balance": 0.04898556,
  "sol_price_usd": 82.32,
  "btc_price_usd": 67145,
  "bnb_price_usd": 610.32,
  "eth_price_usd": 1979.97,
  "sol_value_usd": 59.89058661431999,
  "wbtc_value_usd": 0,
  "bnb_value_usd": 29.896866979200002,
  "total_usd": 233.98,
  "meme_holdings": {}
}