{
  "timestamp": "2026-02-18T19:40:32.586677",
  "wallet_address": "CdJSUeHX49eFK8hixbfDKNRLTakYcy59MbVEh8pDnn9U",
  "sol_balance": 1.081859385,
  "usdc_balance": 67.443709,
  "wbtc_balance": 0,
  "bnb_balance": 0.04898556,
  "sol_price_usd": 84.92,
  "btc_price_usd": 67889,
  "bnb_price_usd": 620.79,
  "eth_price_usd": 2005.72,
  "sol_value_usd": 91.87149897420001,
  "wbtc_value_usd": 0,
  "bnb_value_usd": 30.409745792399995,
  "total_usd": 289.78,
  "meme_holdings": {}
}