{
  "timestamp": "2026-02-19T20:13:24.537627",
  "wallet_address": "CdJSUeHX49eFK8hixbfDKNRLTakYcy59MbVEh8pDnn9U",
  "sol_balance": 0.68736298,
  "usdc_balance": 144.191321,
  "wbtc_balance": 0,
  "bnb_balance": 0.04898556,
  "sol_price_usd": 81.62,
  "btc_price_usd": 66878,
  "bnb_price_usd": 606.28,
  "eth_price_usd": 1961.76,
  "sol_value_usd": 56.1025664276,
  "wbtc_value_usd": 0,
  "bnb_value_usd": 29.698965316799995,
  "total_usd": 229.99,
  "meme_holdings": {}
}