{
  "timestamp": "2026-02-22T08:58:58.651865",
  "wallet_address": "CdJSUeHX49eFK8hixbfDKNRLTakYcy59MbVEh8pDnn9U",
  "sol_balance": 1.184232958,
  "usdc_balance": 1.273818,
  "wbtc_balance": 1.876e-05,
  "bnb_balance": 0.04898556,
  "sol_price_usd": 85.25,
  "btc_price_usd": 67979,
  "bnb_price_usd": 625.77,
  "eth_price_usd": 1973.61,
  "sol_value_usd": 100.9558596695,
  "wbtc_value_usd": 1.27528604,
  "bnb_value_usd": 30.6536938812,
  "total_usd": 134.16,
  "meme_holdings": {}
}