{
  "timestamp": "2026-02-22T09:01:01.950405",
  "wallet_address": "CdJSUeHX49eFK8hixbfDKNRLTakYcy59MbVEh8pDnn9U",
  "sol_balance": 1.184232958,
  "usdc_balance": 1.273818,
  "wbtc_balance": 1.876e-05,
  "bnb_balance": 0.04898556,
  "sol_price_usd": 85.21,
  "btc_price_usd": 67996,
  "bnb_price_usd": 625.81,
  "eth_price_usd": 1973.5,
  "sol_value_usd": 100.90849035117999,
  "wbtc_value_usd": 1.27560496,
  "bnb_value_usd": 30.655653303599994,
  "total_usd": 134.11,
  "meme_holdings": {}
}