{
  "timestamp": "2026-02-16T07:36:19.327226",
  "wallet_address": "CdJSUeHX49eFK8hixbfDKNRLTakYcy59MbVEh8pDnn9U",
  "sol_balance": 0.277131782,
  "usdc_balance": 462.057735,
  "wbtc_balance": 1e-08,
  "bnb_balance": 0.03265508,
  "sol_price_usd": 86.44,
  "btc_price_usd": 68984,
  "bnb_price_usd": 615.82,
  "sol_value_usd": 23.955271236079998,
  "wbtc_value_usd": 0.00068984,
  "bnb_value_usd": 20.109651365600005,
  "total_usd": 506.12
}