{
  "timestamp": "2026-02-22T00:51:41.425278",
  "wallet_address": "CdJSUeHX49eFK8hixbfDKNRLTakYcy59MbVEh8pDnn9U",
  "sol_balance": 0.62214143,
  "usdc_balance": 51.949887,
  "wbtc_balance": 0,
  "bnb_balance": 0.04898556,
  "sol_price_usd": 86.42,
  "btc_price_usd": 68620,
  "bnb_price_usd": 630.12,
  "eth_price_usd": 1990.04,
  "sol_value_usd": 53.7654623806,
  "wbtc_value_usd": 0,
  "bnb_value_usd": 30.866781067199998,
  "total_usd": 136.58,
  "meme_holdings": {}
}