{
  "timestamp": "2026-02-22T04:15:05.932470",
  "wallet_address": "CdJSUeHX49eFK8hixbfDKNRLTakYcy59MbVEh8pDnn9U",
  "sol_balance": 0.61941447,
  "usdc_balance": 50.95271,
  "wbtc_balance": 0,
  "bnb_balance": 0.04898556,
  "sol_price_usd": 86.48,
  "btc_price_usd": 68561,
  "bnb_price_usd": 627.85,
  "eth_price_usd": 1990.92,
  "sol_value_usd": 53.56696336560001,
  "wbtc_value_usd": 0,
  "bnb_value_usd": 30.755583846,
  "total_usd": 135.28,
  "meme_holdings": {}
}