{
  "timestamp": "2026-02-22T06:40:40.001964",
  "wallet_address": "CdJSUeHX49eFK8hixbfDKNRLTakYcy59MbVEh8pDnn9U",
  "sol_balance": 1.18627848,
  "usdc_balance": 2.547636,
  "wbtc_balance": 0,
  "bnb_balance": 0.04898556,
  "sol_price_usd": 85.72,
  "btc_price_usd": 68327,
  "bnb_price_usd": 626.16,
  "eth_price_usd": 1978.79,
  "sol_value_usd": 101.68779130559999,
  "wbtc_value_usd": 0,
  "bnb_value_usd": 30.672798249599996,
  "total_usd": 134.91,
  "meme_holdings": {}
}