{
  "timestamp": "2026-02-19T13:27:51.215496",
  "wallet_address": "CdJSUeHX49eFK8hixbfDKNRLTakYcy59MbVEh8pDnn9U",
  "sol_balance": 0.744869857,
  "usdc_balance": 144.191321,
  "wbtc_balance": 0,
  "bnb_balance": 0.04898556,
  "sol_price_usd": 81.84,
  "btc_price_usd": 66923,
  "bnb_price_usd": 608.75,
  "eth_price_usd": 1974.9,
  "sol_value_usd": 60.96014909688,
  "wbtc_value_usd": 0,
  "bnb_value_usd": 29.819959649999998,
  "total_usd": 234.97,
  "meme_holdings": {}
}