{
  "timestamp": "2026-02-16T10:45:05.126976",
  "wallet_address": "CdJSUeHX49eFK8hixbfDKNRLTakYcy59MbVEh8pDnn9U",
  "sol_balance": 0.277131782,
  "usdc_balance": 462.057735,
  "wbtc_balance": 1e-08,
  "bnb_balance": 0.03265508,
  "sol_price_usd": 85.8,
  "btc_price_usd": 68520,
  "bnb_price_usd": 613.72,
  "eth_price_usd": 1959.61,
  "sol_value_usd": 23.777906895599997,
  "wbtc_value_usd": 0.0006852000000000001,
  "bnb_value_usd": 20.041075697600004,
  "total_usd": 505.88
}