{
  "timestamp": "2026-02-19T23:54:19.411206",
  "wallet_address": "CdJSUeHX49eFK8hixbfDKNRLTakYcy59MbVEh8pDnn9U",
  "sol_balance": 0.68736298,
  "usdc_balance": 144.191321,
  "wbtc_balance": 0,
  "bnb_balance": 0.04898556,
  "sol_price_usd": 80.72,
  "btc_price_usd": 66385,
  "bnb_price_usd": 602.16,
  "eth_price_usd": 1936.23,
  "sol_value_usd": 55.4839397456,
  "wbtc_value_usd": 0,
  "bnb_value_usd": 29.497144809599998,
  "total_usd": 229.17,
  "meme_holdings": {}
}