{
  "timestamp": "2026-02-19T08:32:30.799271",
  "wallet_address": "CdJSUeHX49eFK8hixbfDKNRLTakYcy59MbVEh8pDnn9U",
  "sol_balance": 0.765263603,
  "usdc_balance": 144.191321,
  "wbtc_balance": 0,
  "bnb_balance": 0.04898556,
  "sol_price_usd": 81.32,
  "btc_price_usd": 66294,
  "bnb_price_usd": 603.76,
  "eth_price_usd": 1948.12,
  "sol_value_usd": 62.231236195959994,
  "wbtc_value_usd": 0,
  "bnb_value_usd": 29.575521705599996,
  "total_usd": 236.0,
  "meme_holdings": {}
}