{
  "timestamp": "2026-02-19T01:37:43.242590",
  "wallet_address": "CdJSUeHX49eFK8hixbfDKNRLTakYcy59MbVEh8pDnn9U",
  "sol_balance": 0.856969964,
  "usdc_balance": 145.73442,
  "wbtc_balance": 0,
  "bnb_balance": 0.04898556,
  "sol_price_usd": 82.34,
  "btc_price_usd": 67269,
  "bnb_price_usd": 616.52,
  "eth_price_usd": 1975.11,
  "sol_value_usd": 70.56290683576,
  "wbtc_value_usd": 0,
  "bnb_value_usd": 30.200577451199997,
  "total_usd": 246.5,
  "meme_holdings": {}
}