{
  "timestamp": "2026-02-22T05:19:42.086916",
  "wallet_address": "CdJSUeHX49eFK8hixbfDKNRLTakYcy59MbVEh8pDnn9U",
  "sol_balance": 0.61941447,
  "usdc_balance": 50.95271,
  "wbtc_balance": 0,
  "bnb_balance": 0.04898556,
  "sol_price_usd": 86.01,
  "btc_price_usd": 68512,
  "bnb_price_usd": 626.79,
  "eth_price_usd": 1987.57,
  "sol_value_usd": 53.27583856470001,
  "wbtc_value_usd": 0,
  "bnb_value_usd": 30.703659152399997,
  "total_usd": 134.93,
  "meme_holdings": {}
}