{
  "timestamp": "2026-02-16T16:02:37.548392",
  "wallet_address": "CdJSUeHX49eFK8hixbfDKNRLTakYcy59MbVEh8pDnn9U",
  "sol_balance": 0.215616067,
  "usdc_balance": 451.655557,
  "wbtc_balance": 1e-08,
  "bnb_balance": 0.03265508,
  "sol_price_usd": 84.99,
  "btc_price_usd": 68409,
  "bnb_price_usd": 612.35,
  "eth_price_usd": 1965.54,
  "sol_value_usd": 18.32520953433,
  "wbtc_value_usd": 0.00068409,
  "bnb_value_usd": 19.996338238000003,
  "total_usd": 489.98
}