{
  "timestamp": "2026-02-16T08:08:28.909538",
  "wallet_address": "CdJSUeHX49eFK8hixbfDKNRLTakYcy59MbVEh8pDnn9U",
  "sol_balance": 0.277131782,
  "usdc_balance": 462.057735,
  "wbtc_balance": 1e-08,
  "bnb_balance": 0.03265508,
  "sol_price_usd": 86.35,
  "btc_price_usd": 68922,
  "bnb_price_usd": 616.09,
  "sol_value_usd": 23.930329375699998,
  "wbtc_value_usd": 0.00068922,
  "bnb_value_usd": 20.118468237200002,
  "total_usd": 506.11
}