{
  "timestamp": "2026-02-15T21:37:16.863696",
  "wallet_address": "CdJSUeHX49eFK8hixbfDKNRLTakYcy59MbVEh8pDnn9U",
  "sol_balance": 0.30744257,
  "usdc_balance": 440.97533,
  "wbtc_balance": 0.00028823,
  "bnb_balance": 0.03175978,
  "other_tokens": [],
  "sol_price_usd": 89.4,
  "btc_price_usd": 70303,
  "bnb_price_usd": 629.46,
  "sol_value_usd": 27.485365758000004,
  "wbtc_value_usd": 20.26343369,
  "bnb_value_usd": 19.991511118800002,
  "total_usd": 508.7156405668
}