{
  "timestamp": "2026-02-18T16:39:01.223083",
  "wallet_address": "CdJSUeHX49eFK8hixbfDKNRLTakYcy59MbVEh8pDnn9U",
  "sol_balance": 1.144034019,
  "usdc_balance": 66.208852,
  "wbtc_balance": 0,
  "bnb_balance": 0.04898556,
  "sol_price_usd": 84.72,
  "btc_price_usd": 67694,
  "bnb_price_usd": 614.96,
  "eth_price_usd": 1997.45,
  "sol_value_usd": 96.92256208968,
  "wbtc_value_usd": 0,
  "bnb_value_usd": 30.1241599776,
  "total_usd": 293.92,
  "meme_holdings": {}
}