{
  "timestamp": "2026-02-18T21:11:52.174447",
  "wallet_address": "CdJSUeHX49eFK8hixbfDKNRLTakYcy59MbVEh8pDnn9U",
  "sol_balance": 0.90399023,
  "usdc_balance": 67.443709,
  "wbtc_balance": 0,
  "bnb_balance": 0.04898556,
  "sol_price_usd": 83.08,
  "btc_price_usd": 67615,
  "bnb_price_usd": 615.56,
  "eth_price_usd": 1986.15,
  "sol_value_usd": 75.1035083084,
  "wbtc_value_usd": 0,
  "bnb_value_usd": 30.153551313599994,
  "total_usd": 271.78,
  "meme_holdings": {}
}