{
  "timestamp": "2026-02-22T08:10:47.812696",
  "wallet_address": "CdJSUeHX49eFK8hixbfDKNRLTakYcy59MbVEh8pDnn9U",
  "sol_balance": 1.184232958,
  "usdc_balance": 1.273818,
  "wbtc_balance": 1.876e-05,
  "bnb_balance": 0.04898556,
  "sol_price_usd": 85.39,
  "btc_price_usd": 67976,
  "bnb_price_usd": 625.43,
  "eth_price_usd": 1972.65,
  "sol_value_usd": 101.12165228362,
  "wbtc_value_usd": 1.27522976,
  "bnb_value_usd": 30.637038790799995,
  "total_usd": 134.31,
  "meme_holdings": {}
}