{
  "timestamp": "2026-02-19T05:49:24.225061",
  "wallet_address": "CdJSUeHX49eFK8hixbfDKNRLTakYcy59MbVEh8pDnn9U",
  "sol_balance": 0.856969964,
  "usdc_balance": 145.73442,
  "wbtc_balance": 0,
  "bnb_balance": 0.04898556,
  "sol_price_usd": 81.37,
  "btc_price_usd": 66459,
  "bnb_price_usd": 604.82,
  "eth_price_usd": 1950.35,
  "sol_value_usd": 69.73164597068,
  "wbtc_value_usd": 0,
  "bnb_value_usd": 29.6274463992,
  "total_usd": 245.09,
  "meme_holdings": {}
}