{
  "timestamp": "2026-02-19T02:41:29.073028",
  "wallet_address": "CdJSUeHX49eFK8hixbfDKNRLTakYcy59MbVEh8pDnn9U",
  "sol_balance": 0.856969964,
  "usdc_balance": 145.73442,
  "wbtc_balance": 0,
  "bnb_balance": 0.04898556,
  "sol_price_usd": 82.4,
  "btc_price_usd": 67146,
  "bnb_price_usd": 617.89,
  "eth_price_usd": 1977.49,
  "sol_value_usd": 70.61432503360001,
  "wbtc_value_usd": 0,
  "bnb_value_usd": 30.267687668399997,
  "total_usd": 246.62,
  "meme_holdings": {}
}