{
  "timestamp": "2026-02-19T09:03:15.098403",
  "wallet_address": "CdJSUeHX49eFK8hixbfDKNRLTakYcy59MbVEh8pDnn9U",
  "sol_balance": 0.765263603,
  "usdc_balance": 144.191321,
  "wbtc_balance": 0,
  "bnb_balance": 0.04898556,
  "sol_price_usd": 81.55,
  "btc_price_usd": 66433,
  "bnb_price_usd": 604.34,
  "eth_price_usd": 1954.46,
  "sol_value_usd": 62.407246824649995,
  "wbtc_value_usd": 0,
  "bnb_value_usd": 29.6039333304,
  "total_usd": 236.2,
  "meme_holdings": {}
}