{
  "timestamp": "2026-02-19T01:18:10.741249",
  "wallet_address": "CdJSUeHX49eFK8hixbfDKNRLTakYcy59MbVEh8pDnn9U",
  "sol_balance": 0.856969964,
  "usdc_balance": 145.73442,
  "wbtc_balance": 0,
  "bnb_balance": 0.04898556,
  "sol_price_usd": 82.57,
  "btc_price_usd": 67203,
  "bnb_price_usd": 614.73,
  "eth_price_usd": 1969.36,
  "sol_value_usd": 70.76000992748,
  "wbtc_value_usd": 0,
  "bnb_value_usd": 30.1128932988,
  "total_usd": 246.61,
  "meme_holdings": {}
}