{
  "timestamp": "2026-02-22T05:33:01.056910",
  "wallet_address": "CdJSUeHX49eFK8hixbfDKNRLTakYcy59MbVEh8pDnn9U",
  "sol_balance": 0.61941447,
  "usdc_balance": 50.95271,
  "wbtc_balance": 0,
  "bnb_balance": 0.04898556,
  "sol_price_usd": 86.07,
  "btc_price_usd": 68575,
  "bnb_price_usd": 627.34,
  "eth_price_usd": 1989.74,
  "sol_value_usd": 53.3130034329,
  "wbtc_value_usd": 0,
  "bnb_value_usd": 30.7306012104,
  "total_usd": 135.0,
  "meme_holdings": {}
}