{
  "timestamp": "2026-02-19T00:14:31.253361",
  "wallet_address": "CdJSUeHX49eFK8hixbfDKNRLTakYcy59MbVEh8pDnn9U",
  "sol_balance": 0.801124004,
  "usdc_balance": 145.73442,
  "wbtc_balance": 0,
  "bnb_balance": 0.04898556,
  "sol_price_usd": 82.69,
  "btc_price_usd": 67310,
  "bnb_price_usd": 613.6,
  "eth_price_usd": 1982.49,
  "sol_value_usd": 66.24494389076,
  "wbtc_value_usd": 0,
  "bnb_value_usd": 30.057539616,
  "total_usd": 242.04,
  "meme_holdings": {}
}