{
  "timestamp": "2026-02-18T11:39:38.904771",
  "wallet_address": "CdJSUeHX49eFK8hixbfDKNRLTakYcy59MbVEh8pDnn9U",
  "sol_balance": 0.99423288,
  "usdc_balance": 70.092669,
  "wbtc_balance": 0,
  "bnb_balance": 0.04898556,
  "sol_price_usd": 84.77,
  "btc_price_usd": 67361,
  "bnb_price_usd": 617.19,
  "eth_price_usd": 1990.92,
  "sol_value_usd": 84.28112123759999,
  "wbtc_value_usd": 0,
  "bnb_value_usd": 30.2333977764,
  "total_usd": 284.95,
  "meme_holdings": {}
}