{
  "timestamp": "2026-02-19T15:17:39.263840",
  "wallet_address": "CdJSUeHX49eFK8hixbfDKNRLTakYcy59MbVEh8pDnn9U",
  "sol_balance": 0.744806793,
  "usdc_balance": 144.191321,
  "wbtc_balance": 0,
  "bnb_balance": 0.04898556,
  "sol_price_usd": 82.02,
  "btc_price_usd": 66937,
  "bnb_price_usd": 610.16,
  "eth_price_usd": 1972.1,
  "sol_value_usd": 61.089053161859994,
  "wbtc_value_usd": 0,
  "bnb_value_usd": 29.889029289599996,
  "total_usd": 235.17,
  "meme_holdings": {}
}