{
  "timestamp": "2026-02-16T05:08:10.726460",
  "wallet_address": "CdJSUeHX49eFK8hixbfDKNRLTakYcy59MbVEh8pDnn9U",
  "sol_balance": 0.277131777,
  "usdc_balance": 462.057735,
  "wbtc_balance": 1e-08,
  "bnb_balance": 0.03265508,
  "sol_price_usd": 85.41,
  "btc_price_usd": 68292,
  "bnb_price_usd": 611.63,
  "sol_value_usd": 23.66982507357,
  "wbtc_value_usd": 0.0006829200000000001,
  "bnb_value_usd": 19.972826580400003,
  "total_usd": 505.7
}