{
  "timestamp": "2026-02-21T21:03:31.273301",
  "wallet_address": "CdJSUeHX49eFK8hixbfDKNRLTakYcy59MbVEh8pDnn9U",
  "sol_balance": 0.62214143,
  "usdc_balance": 51.949887,
  "wbtc_balance": 0,
  "bnb_balance": 0.04898556,
  "sol_price_usd": 85.37,
  "btc_price_usd": 68088,
  "bnb_price_usd": 629.99,
  "eth_price_usd": 1977.95,
  "sol_value_usd": 53.112213879100004,
  "wbtc_value_usd": 0,
  "bnb_value_usd": 30.8604129444,
  "total_usd": 135.92,
  "meme_holdings": {}
}