{
  "timestamp": "2026-02-21T20:31:30.355720",
  "wallet_address": "CdJSUeHX49eFK8hixbfDKNRLTakYcy59MbVEh8pDnn9U",
  "sol_balance": 0.62214143,
  "usdc_balance": 51.949887,
  "wbtc_balance": 0,
  "bnb_balance": 0.04898556,
  "sol_price_usd": 85.48,
  "btc_price_usd": 68245,
  "bnb_price_usd": 630.9,
  "eth_price_usd": 1986.51,
  "sol_value_usd": 53.1806494364,
  "wbtc_value_usd": 0,
  "bnb_value_usd": 30.904989803999996,
  "total_usd": 136.04,
  "meme_holdings": {}
}