{
  "timestamp": "2026-02-22T03:49:28.232055",
  "wallet_address": "CdJSUeHX49eFK8hixbfDKNRLTakYcy59MbVEh8pDnn9U",
  "sol_balance": 0.61941447,
  "usdc_balance": 50.95271,
  "wbtc_balance": 0,
  "bnb_balance": 0.04898556,
  "sol_price_usd": 86.4,
  "btc_price_usd": 68539,
  "bnb_price_usd": 628.9,
  "eth_price_usd": 1992.97,
  "sol_value_usd": 53.51741020800001,
  "wbtc_value_usd": 0,
  "bnb_value_usd": 30.807018683999996,
  "total_usd": 135.28,
  "meme_holdings": {}
}