{
  "timestamp": "2026-02-19T00:38:07.616906",
  "wallet_address": "CdJSUeHX49eFK8hixbfDKNRLTakYcy59MbVEh8pDnn9U",
  "sol_balance": 0.856969964,
  "usdc_balance": 145.73442,
  "wbtc_balance": 0,
  "bnb_balance": 0.04898556,
  "sol_price_usd": 82.82,
  "btc_price_usd": 67330,
  "bnb_price_usd": 614.25,
  "eth_price_usd": 1981.56,
  "sol_value_usd": 70.97425241847999,
  "wbtc_value_usd": 0,
  "bnb_value_usd": 30.08938023,
  "total_usd": 246.8,
  "meme_holdings": {}
}