{
  "timestamp": "2026-02-22T02:42:39.111322",
  "wallet_address": "CdJSUeHX49eFK8hixbfDKNRLTakYcy59MbVEh8pDnn9U",
  "sol_balance": 0.61941447,
  "usdc_balance": 50.95271,
  "wbtc_balance": 0,
  "bnb_balance": 0.04898556,
  "sol_price_usd": 86.11,
  "btc_price_usd": 68290,
  "bnb_price_usd": 626.03,
  "eth_price_usd": 1985.89,
  "sol_value_usd": 53.337780011700005,
  "wbtc_value_usd": 0,
  "bnb_value_usd": 30.666430126799998,
  "total_usd": 134.96,
  "meme_holdings": {}
}