{
  "timestamp": "2026-02-16T12:52:38.353123",
  "wallet_address": "CdJSUeHX49eFK8hixbfDKNRLTakYcy59MbVEh8pDnn9U",
  "sol_balance": 0.272093264,
  "usdc_balance": 461.842791,
  "wbtc_balance": 1e-08,
  "bnb_balance": 0.03265508,
  "sol_price_usd": 85.03,
  "btc_price_usd": 68351,
  "bnb_price_usd": 612.75,
  "eth_price_usd": 1954.86,
  "sol_value_usd": 23.13609023792,
  "wbtc_value_usd": 0.00068351,
  "bnb_value_usd": 20.00940027,
  "total_usd": 504.99
}