{
  "timestamp": "2026-02-16T06:08:16.752890",
  "wallet_address": "CdJSUeHX49eFK8hixbfDKNRLTakYcy59MbVEh8pDnn9U",
  "sol_balance": 0.277131782,
  "usdc_balance": 462.057735,
  "wbtc_balance": 1e-08,
  "bnb_balance": 0.03265508,
  "sol_price_usd": 85.7,
  "btc_price_usd": 68414,
  "bnb_price_usd": 613.28,
  "sol_value_usd": 23.750193717400002,
  "wbtc_value_usd": 0.00068414,
  "bnb_value_usd": 20.0267074624,
  "total_usd": 505.84
}