{
  "timestamp": "2026-02-22T08:45:38.972207",
  "wallet_address": "CdJSUeHX49eFK8hixbfDKNRLTakYcy59MbVEh8pDnn9U",
  "sol_balance": 1.184232958,
  "usdc_balance": 1.273818,
  "wbtc_balance": 1.876e-05,
  "bnb_balance": 0.04898556,
  "sol_price_usd": 85.33,
  "btc_price_usd": 68082,
  "bnb_price_usd": 626.1,
  "eth_price_usd": 1976.1,
  "sol_value_usd": 101.05059830613999,
  "wbtc_value_usd": 1.27721832,
  "bnb_value_usd": 30.669859115999998,
  "total_usd": 134.27,
  "meme_holdings": {}
}