{
  "timestamp": "2026-02-16T04:08:03.884215",
  "wallet_address": "CdJSUeHX49eFK8hixbfDKNRLTakYcy59MbVEh8pDnn9U",
  "sol_balance": 0.043004543,
  "usdc_balance": 482.429288,
  "wbtc_balance": 1e-08,
  "bnb_balance": 0.03222343,
  "sol_price_usd": 86.11,
  "btc_price_usd": 68363,
  "bnb_price_usd": 611.07,
  "sol_value_usd": 3.70312119773,
  "wbtc_value_usd": 0.0006836300000000001,
  "bnb_value_usd": 19.6907713701,
  "total_usd": 505.82
}