{
  "timestamp": "2026-02-16T01:52:50.160606",
  "wallet_address": "CdJSUeHX49eFK8hixbfDKNRLTakYcy59MbVEh8pDnn9U",
  "sol_balance": 0.043033015,
  "usdc_balance": 462.762535,
  "wbtc_balance": 0.00028823,
  "bnb_balance": 0.03222343,
  "sol_price_usd": 87.39,
  "btc_price_usd": 69023,
  "bnb_price_usd": 619.31,
  "sol_value_usd": 3.76065518085,
  "wbtc_value_usd": 19.89449929,
  "bnb_value_usd": 19.956292433299996,
  "total_usd": 506.37
}