{
  "timestamp": "2026-02-19T07:13:33.878660",
  "wallet_address": "CdJSUeHX49eFK8hixbfDKNRLTakYcy59MbVEh8pDnn9U",
  "sol_balance": 0.822031268,
  "usdc_balance": 145.73442,
  "wbtc_balance": 0,
  "bnb_balance": 0.04898556,
  "sol_price_usd": 81.27,
  "btc_price_usd": 66323,
  "bnb_price_usd": 604.07,
  "eth_price_usd": 1943.73,
  "sol_value_usd": 66.80648115036,
  "wbtc_value_usd": 0,
  "bnb_value_usd": 29.5907072292,
  "total_usd": 242.13,
  "meme_holdings": {}
}