{
  "timestamp": "2026-02-15T12:53:25.296774",
  "wallet_address": "CdJSUeHX49eFK8hixbfDKNRLTakYcy59MbVEh8pDnn9U",
  "sol_balance": 0.085100463,
  "usdc_balance": 480.97533,
  "wbtc_balance": 0.00028823,
  "bnb_balance": 0,
  "other_tokens": [],
  "sol_price_usd": 88.02,
  "btc_price_usd": 69881,
  "bnb_price_usd": 632.01,
  "sol_value_usd": 7.49054275326,
  "wbtc_value_usd": 20.14180063,
  "bnb_value_usd": 0.0,
  "total_usd": 508.60767338325996
}