{
  "timestamp": "2026-02-19T22:51:32.499485",
  "wallet_address": "CdJSUeHX49eFK8hixbfDKNRLTakYcy59MbVEh8pDnn9U",
  "sol_balance": 0.68736298,
  "usdc_balance": 144.191321,
  "wbtc_balance": 0,
  "bnb_balance": 0.04898556,
  "sol_price_usd": 80.23,
  "btc_price_usd": 66035,
  "bnb_price_usd": 599.79,
  "eth_price_usd": 1920.49,
  "sol_value_usd": 55.1471318854,
  "wbtc_value_usd": 0,
  "bnb_value_usd": 29.381049032399996,
  "total_usd": 228.72,
  "meme_holdings": {}
}