{
  "timestamp": "2026-02-18T10:45:19.755576",
  "wallet_address": "CdJSUeHX49eFK8hixbfDKNRLTakYcy59MbVEh8pDnn9U",
  "sol_balance": 0.981815587,
  "usdc_balance": 70.092669,
  "wbtc_balance": 0,
  "bnb_balance": 0.04898556,
  "sol_price_usd": 84.06,
  "btc_price_usd": 66924,
  "bnb_price_usd": 613.47,
  "eth_price_usd": 1969.54,
  "sol_value_usd": 82.53141824322,
  "wbtc_value_usd": 0,
  "bnb_value_usd": 30.0511714932,
  "total_usd": 281.94,
  "meme_holdings": {}
}