{
  "timestamp": "2026-02-16T03:53:02.371056",
  "wallet_address": "CdJSUeHX49eFK8hixbfDKNRLTakYcy59MbVEh8pDnn9U",
  "sol_balance": 0.043004543,
  "usdc_balance": 482.429288,
  "wbtc_balance": 1e-08,
  "bnb_balance": 0.03222343,
  "sol_price_usd": 86.31,
  "btc_price_usd": 68441,
  "bnb_price_usd": 611.5,
  "sol_value_usd": 3.71172210633,
  "wbtc_value_usd": 0.00068441,
  "bnb_value_usd": 19.704627445,
  "total_usd": 505.85
}