{
  "timestamp": "2026-02-19T17:19:55.062766",
  "wallet_address": "CdJSUeHX49eFK8hixbfDKNRLTakYcy59MbVEh8pDnn9U",
  "sol_balance": 0.698147891,
  "usdc_balance": 144.191321,
  "wbtc_balance": 0,
  "bnb_balance": 0.04898556,
  "sol_price_usd": 82.25,
  "btc_price_usd": 67082,
  "bnb_price_usd": 608.84,
  "eth_price_usd": 1978.02,
  "sol_value_usd": 57.42266403475,
  "wbtc_value_usd": 0,
  "bnb_value_usd": 29.8243683504,
  "total_usd": 231.44,
  "meme_holdings": {}
}