{
  "timestamp": "2026-02-22T03:58:41.833565",
  "wallet_address": "CdJSUeHX49eFK8hixbfDKNRLTakYcy59MbVEh8pDnn9U",
  "sol_balance": 0.61941447,
  "usdc_balance": 50.95271,
  "wbtc_balance": 0,
  "bnb_balance": 0.04898556,
  "sol_price_usd": 86.62,
  "btc_price_usd": 68603,
  "bnb_price_usd": 629.25,
  "eth_price_usd": 1994.49,
  "sol_value_usd": 53.653681391400006,
  "wbtc_value_usd": 0,
  "bnb_value_usd": 30.824163629999997,
  "total_usd": 135.43,
  "meme_holdings": {}
}