{
  "timestamp": "2026-02-22T04:24:19.691582",
  "wallet_address": "CdJSUeHX49eFK8hixbfDKNRLTakYcy59MbVEh8pDnn9U",
  "sol_balance": 0.61941447,
  "usdc_balance": 50.95271,
  "wbtc_balance": 0,
  "bnb_balance": 0.04898556,
  "sol_price_usd": 86.6,
  "btc_price_usd": 68569,
  "bnb_price_usd": 627.59,
  "eth_price_usd": 1992.15,
  "sol_value_usd": 53.641293102,
  "wbtc_value_usd": 0,
  "bnb_value_usd": 30.7428476004,
  "total_usd": 135.34,
  "meme_holdings": {}
}