{
  "timestamp": "2026-02-19T09:41:09.571637",
  "wallet_address": "CdJSUeHX49eFK8hixbfDKNRLTakYcy59MbVEh8pDnn9U",
  "sol_balance": 0.765263603,
  "usdc_balance": 144.191321,
  "wbtc_balance": 0,
  "bnb_balance": 0.04898556,
  "sol_price_usd": 81.45,
  "btc_price_usd": 66452,
  "bnb_price_usd": 603.64,
  "eth_price_usd": 1955.82,
  "sol_value_usd": 62.33072046435,
  "wbtc_value_usd": 0,
  "bnb_value_usd": 29.569643438399996,
  "total_usd": 236.09,
  "meme_holdings": {}
}