{
  "timestamp": "2026-02-21T23:58:16.506346",
  "wallet_address": "CdJSUeHX49eFK8hixbfDKNRLTakYcy59MbVEh8pDnn9U",
  "sol_balance": 0.62214143,
  "usdc_balance": 51.949887,
  "wbtc_balance": 0,
  "bnb_balance": 0.04898556,
  "sol_price_usd": 86.39,
  "btc_price_usd": 68474,
  "bnb_price_usd": 632.92,
  "eth_price_usd": 1987.45,
  "sol_value_usd": 53.7467981377,
  "wbtc_value_usd": 0,
  "bnb_value_usd": 31.003940635199996,
  "total_usd": 136.7,
  "meme_holdings": {}
}