{
  "timestamp": "2026-02-15T22:04:04.546925",
  "wallet_address": "CdJSUeHX49eFK8hixbfDKNRLTakYcy59MbVEh8pDnn9U",
  "sol_balance": 0.049917591,
  "usdc_balance": 463.52095,
  "wbtc_balance": 0.00028823,
  "bnb_balance": 0.03175978,
  "other_tokens": [],
  "sol_price_usd": 87.78,
  "btc_price_usd": 69312,
  "bnb_price_usd": 620.58,
  "sol_value_usd": 4.38176613798,
  "wbtc_value_usd": 19.97779776,
  "bnb_value_usd": 19.7094842724,
  "total_usd": 507.58999817038
}