{
  "timestamp": "2026-02-18T22:05:12.326732",
  "wallet_address": "CdJSUeHX49eFK8hixbfDKNRLTakYcy59MbVEh8pDnn9U",
  "sol_balance": 0.890398904,
  "usdc_balance": 165.73442,
  "wbtc_balance": 0,
  "bnb_balance": 0.04898556,
  "sol_price_usd": 83.01,
  "btc_price_usd": 67464,
  "bnb_price_usd": 615.76,
  "eth_price_usd": 1982.23,
  "sol_value_usd": 73.91201302104001,
  "wbtc_value_usd": 0,
  "bnb_value_usd": 30.1633484256,
  "total_usd": 269.81,
  "meme_holdings": {}
}