{
  "timestamp": "2026-02-19T07:57:39.867902",
  "wallet_address": "CdJSUeHX49eFK8hixbfDKNRLTakYcy59MbVEh8pDnn9U",
  "sol_balance": 0.77679506,
  "usdc_balance": 144.191321,
  "wbtc_balance": 0,
  "bnb_balance": 0.04898556,
  "sol_price_usd": 81.4,
  "btc_price_usd": 66415,
  "bnb_price_usd": 605.02,
  "eth_price_usd": 1946.74,
  "sol_value_usd": 63.231117884,
  "wbtc_value_usd": 0,
  "bnb_value_usd": 29.637243511199998,
  "total_usd": 237.06,
  "meme_holdings": {}
}