{
  "timestamp": "2026-02-19T22:01:13.310861",
  "wallet_address": "CdJSUeHX49eFK8hixbfDKNRLTakYcy59MbVEh8pDnn9U",
  "sol_balance": 0.68736298,
  "usdc_balance": 144.191321,
  "wbtc_balance": 0,
  "bnb_balance": 0.04898556,
  "sol_price_usd": 80.87,
  "btc_price_usd": 66528,
  "bnb_price_usd": 605.2,
  "eth_price_usd": 1949.48,
  "sol_value_usd": 55.5870441926,
  "wbtc_value_usd": 0,
  "bnb_value_usd": 29.646060912,
  "total_usd": 229.42,
  "meme_holdings": {}
}