{
  "timestamp": "2026-02-21T23:45:57.458832",
  "wallet_address": "CdJSUeHX49eFK8hixbfDKNRLTakYcy59MbVEh8pDnn9U",
  "sol_balance": 0.62214143,
  "usdc_balance": 51.949887,
  "wbtc_balance": 0,
  "bnb_balance": 0.04898556,
  "sol_price_usd": 86.35,
  "btc_price_usd": 68516,
  "bnb_price_usd": 633.49,
  "eth_price_usd": 1989.06,
  "sol_value_usd": 53.721912480499995,
  "wbtc_value_usd": 0,
  "bnb_value_usd": 31.031862404399998,
  "total_usd": 136.7,
  "meme_holdings": {}
}