{
  "timestamp": "2026-02-19T13:57:35.900782",
  "wallet_address": "CdJSUeHX49eFK8hixbfDKNRLTakYcy59MbVEh8pDnn9U",
  "sol_balance": 0.744869857,
  "usdc_balance": 144.191321,
  "wbtc_balance": 0,
  "bnb_balance": 0.04898556,
  "sol_price_usd": 81.65,
  "btc_price_usd": 66792,
  "bnb_price_usd": 609.09,
  "eth_price_usd": 1970.94,
  "sol_value_usd": 60.81862382405,
  "wbtc_value_usd": 0,
  "bnb_value_usd": 29.8366147404,
  "total_usd": 234.85,
  "meme_holdings": {}
}