{
  "timestamp": "2026-02-18T15:34:22.160072",
  "wallet_address": "CdJSUeHX49eFK8hixbfDKNRLTakYcy59MbVEh8pDnn9U",
  "sol_balance": 1.144034019,
  "usdc_balance": 66.208852,
  "wbtc_balance": 0,
  "bnb_balance": 0.04898556,
  "sol_price_usd": 85.07,
  "btc_price_usd": 67844,
  "bnb_price_usd": 617.27,
  "eth_price_usd": 2003.41,
  "sol_value_usd": 97.32297399632999,
  "wbtc_value_usd": 0,
  "bnb_value_usd": 30.237316621199998,
  "total_usd": 294.74,
  "meme_holdings": {}
}