{
  "timestamp": "2026-02-16T14:18:58.646852",
  "wallet_address": "CdJSUeHX49eFK8hixbfDKNRLTakYcy59MbVEh8pDnn9U",
  "sol_balance": 0.265449287,
  "usdc_balance": 461.703676,
  "wbtc_balance": 1e-08,
  "bnb_balance": 0.03265508,
  "sol_price_usd": 85.4,
  "btc_price_usd": 68639,
  "bnb_price_usd": 614.92,
  "eth_price_usd": 1966.14,
  "sol_value_usd": 22.669369109799998,
  "wbtc_value_usd": 0.00068639,
  "bnb_value_usd": 20.080261793600002,
  "total_usd": 504.45
}