{
  "timestamp": "2026-02-19T04:29:18.848841",
  "wallet_address": "CdJSUeHX49eFK8hixbfDKNRLTakYcy59MbVEh8pDnn9U",
  "sol_balance": 0.856969964,
  "usdc_balance": 145.73442,
  "wbtc_balance": 0,
  "bnb_balance": 0.04898556,
  "sol_price_usd": 81.23,
  "btc_price_usd": 66372,
  "bnb_price_usd": 609.54,
  "eth_price_usd": 1954.93,
  "sol_value_usd": 69.61167017572001,
  "wbtc_value_usd": 0,
  "bnb_value_usd": 29.858658242399997,
  "total_usd": 245.2,
  "meme_holdings": {}
}