{
  "timestamp": "2026-02-19T23:18:16.680489",
  "wallet_address": "CdJSUeHX49eFK8hixbfDKNRLTakYcy59MbVEh8pDnn9U",
  "sol_balance": 0.68736298,
  "usdc_balance": 144.191321,
  "wbtc_balance": 0,
  "bnb_balance": 0.04898556,
  "sol_price_usd": 80.08,
  "btc_price_usd": 65908,
  "bnb_price_usd": 599.63,
  "eth_price_usd": 1925.65,
  "sol_value_usd": 55.04402743839999,
  "wbtc_value_usd": 0,
  "bnb_value_usd": 29.373211342799998,
  "total_usd": 228.61,
  "meme_holdings": {}
}