{
  "timestamp": "2026-02-18T19:09:45.191577",
  "wallet_address": "CdJSUeHX49eFK8hixbfDKNRLTakYcy59MbVEh8pDnn9U",
  "sol_balance": 1.119599364,
  "usdc_balance": 167.443709,
  "wbtc_balance": 0,
  "bnb_balance": 0.04898556,
  "sol_price_usd": 85.07,
  "btc_price_usd": 68098,
  "bnb_price_usd": 622.79,
  "eth_price_usd": 2015.6,
  "sol_value_usd": 95.24431789547998,
  "wbtc_value_usd": 0,
  "bnb_value_usd": 30.507716912399996,
  "total_usd": 293.2,
  "meme_holdings": {}
}