{
  "timestamp": "2026-02-16T12:20:42.637940",
  "wallet_address": "CdJSUeHX49eFK8hixbfDKNRLTakYcy59MbVEh8pDnn9U",
  "sol_balance": 0.272093264,
  "usdc_balance": 461.842791,
  "wbtc_balance": 1e-08,
  "bnb_balance": 0.03265508,
  "sol_price_usd": 85.38,
  "btc_price_usd": 68349,
  "bnb_price_usd": 612.81,
  "eth_price_usd": 1956.16,
  "sol_value_usd": 23.23132288032,
  "wbtc_value_usd": 0.00068349,
  "bnb_value_usd": 20.0113595748,
  "total_usd": 505.09
}