{
  "timestamp": "2026-02-16T03:38:00.924673",
  "wallet_address": "CdJSUeHX49eFK8hixbfDKNRLTakYcy59MbVEh8pDnn9U",
  "sol_balance": 0.043004543,
  "usdc_balance": 482.429288,
  "wbtc_balance": 1e-08,
  "bnb_balance": 0.03222343,
  "sol_price_usd": 86.64,
  "btc_price_usd": 68687,
  "bnb_price_usd": 614.62,
  "sol_value_usd": 3.72591360552,
  "wbtc_value_usd": 0.00068687,
  "bnb_value_usd": 19.805164546599997,
  "total_usd": 505.96
}