{
  "timestamp": "2026-02-18T16:49:16.262173",
  "wallet_address": "CdJSUeHX49eFK8hixbfDKNRLTakYcy59MbVEh8pDnn9U",
  "sol_balance": 1.144016678,
  "usdc_balance": 167.443709,
  "wbtc_balance": 0,
  "bnb_balance": 0.04898556,
  "sol_price_usd": 85.14,
  "btc_price_usd": 68115,
  "bnb_price_usd": 619.99,
  "eth_price_usd": 2016.81,
  "sol_value_usd": 97.40157996492,
  "wbtc_value_usd": 0,
  "bnb_value_usd": 30.370557344399998,
  "total_usd": 295.22,
  "meme_holdings": {}
}