{
  "timestamp": "2026-02-16T11:45:45.886479",
  "wallet_address": "CdJSUeHX49eFK8hixbfDKNRLTakYcy59MbVEh8pDnn9U",
  "sol_balance": 0.277131782,
  "usdc_balance": 462.057735,
  "wbtc_balance": 1e-08,
  "bnb_balance": 0.03265508,
  "sol_price_usd": 85.75,
  "btc_price_usd": 68442,
  "bnb_price_usd": 613.31,
  "eth_price_usd": 1958.99,
  "sol_value_usd": 23.7640503065,
  "wbtc_value_usd": 0.00068442,
  "bnb_value_usd": 20.0276871148,
  "total_usd": 505.85
}