{
  "timestamp": "2026-02-19T22:41:15.744077",
  "wallet_address": "CdJSUeHX49eFK8hixbfDKNRLTakYcy59MbVEh8pDnn9U",
  "sol_balance": 0.68736298,
  "usdc_balance": 144.191321,
  "wbtc_balance": 0,
  "bnb_balance": 0.04898556,
  "sol_price_usd": 80.31,
  "btc_price_usd": 66159,
  "bnb_price_usd": 602.8,
  "eth_price_usd": 1933.24,
  "sol_value_usd": 55.202120923799995,
  "wbtc_value_usd": 0,
  "bnb_value_usd": 29.528495567999997,
  "total_usd": 228.92,
  "meme_holdings": {}
}