{
  "timestamp": "2026-02-19T13:46:18.535757",
  "wallet_address": "CdJSUeHX49eFK8hixbfDKNRLTakYcy59MbVEh8pDnn9U",
  "sol_balance": 0.744869857,
  "usdc_balance": 144.191321,
  "wbtc_balance": 0,
  "bnb_balance": 0.04898556,
  "sol_price_usd": 81.75,
  "btc_price_usd": 66900,
  "bnb_price_usd": 609.97,
  "eth_price_usd": 1975.98,
  "sol_value_usd": 60.89311080975,
  "wbtc_value_usd": 0,
  "bnb_value_usd": 29.8797220332,
  "total_usd": 234.96,
  "meme_holdings": {}
}