{
  "timestamp": "2026-02-19T19:47:44.857371",
  "wallet_address": "CdJSUeHX49eFK8hixbfDKNRLTakYcy59MbVEh8pDnn9U",
  "sol_balance": 0.692668215,
  "usdc_balance": 144.191321,
  "wbtc_balance": 0,
  "bnb_balance": 0.04898556,
  "sol_price_usd": 81.61,
  "btc_price_usd": 66908,
  "bnb_price_usd": 607.21,
  "eth_price_usd": 1964.33,
  "sol_value_usd": 56.528653026149996,
  "wbtc_value_usd": 0,
  "bnb_value_usd": 29.7445218876,
  "total_usd": 230.46,
  "meme_holdings": {}
}