{
  "timestamp": "2026-02-16T14:54:50.667636",
  "wallet_address": "CdJSUeHX49eFK8hixbfDKNRLTakYcy59MbVEh8pDnn9U",
  "sol_balance": 0.215416355,
  "usdc_balance": 461.190127,
  "wbtc_balance": 1e-08,
  "bnb_balance": 0.03265508,
  "sol_price_usd": 84.59,
  "btc_price_usd": 68347,
  "bnb_price_usd": 611.64,
  "eth_price_usd": 1955.46,
  "sol_value_usd": 18.222069469450002,
  "wbtc_value_usd": 0.00068347,
  "bnb_value_usd": 19.9731531312,
  "total_usd": 499.39
}