{
  "timestamp": "2026-02-19T17:36:20.734209",
  "wallet_address": "CdJSUeHX49eFK8hixbfDKNRLTakYcy59MbVEh8pDnn9U",
  "sol_balance": 0.698147892,
  "usdc_balance": 144.191321,
  "wbtc_balance": 0,
  "bnb_balance": 0.04898556,
  "sol_price_usd": 82.02,
  "btc_price_usd": 66870,
  "bnb_price_usd": 607.02,
  "eth_price_usd": 1970.92,
  "sol_value_usd": 57.26209010184,
  "wbtc_value_usd": 0,
  "bnb_value_usd": 29.735214631199998,
  "total_usd": 231.19,
  "meme_holdings": {}
}