{
  "timestamp": "2026-02-16T09:17:44.749257",
  "wallet_address": "CdJSUeHX49eFK8hixbfDKNRLTakYcy59MbVEh8pDnn9U",
  "sol_balance": 0.277131782,
  "usdc_balance": 462.057735,
  "wbtc_balance": 1e-08,
  "bnb_balance": 0.03265508,
  "sol_price_usd": 86.15,
  "btc_price_usd": 68873,
  "bnb_price_usd": 615.18,
  "sol_value_usd": 23.8749030193,
  "wbtc_value_usd": 0.00068873,
  "bnb_value_usd": 20.088752114400002,
  "total_usd": 506.02
}