{
  "timestamp": "2026-02-19T18:33:49.081622",
  "wallet_address": "CdJSUeHX49eFK8hixbfDKNRLTakYcy59MbVEh8pDnn9U",
  "sol_balance": 0.698147892,
  "usdc_balance": 144.191321,
  "wbtc_balance": 0,
  "bnb_balance": 0.04898556,
  "sol_price_usd": 81.83,
  "btc_price_usd": 67092,
  "bnb_price_usd": 608.09,
  "eth_price_usd": 1976.54,
  "sol_value_usd": 57.12944200236,
  "wbtc_value_usd": 0,
  "bnb_value_usd": 29.7876291804,
  "total_usd": 231.11,
  "meme_holdings": {}
}