{
  "timestamp": "2026-02-16T01:22:46.984635",
  "wallet_address": "CdJSUeHX49eFK8hixbfDKNRLTakYcy59MbVEh8pDnn9U",
  "sol_balance": 0.043033015,
  "usdc_balance": 462.762535,
  "wbtc_balance": 0.00028823,
  "bnb_balance": 0.03222343,
  "sol_price_usd": 87.1,
  "btc_price_usd": 68954,
  "bnb_price_usd": 619.1,
  "sol_value_usd": 3.7481756065,
  "wbtc_value_usd": 19.87461142,
  "bnb_value_usd": 19.949525512999998,
  "total_usd": 506.33
}