{
  "timestamp": "2026-02-22T05:50:26.808795",
  "wallet_address": "CdJSUeHX49eFK8hixbfDKNRLTakYcy59MbVEh8pDnn9U",
  "sol_balance": 1.18627848,
  "usdc_balance": 2.547636,
  "wbtc_balance": 0,
  "bnb_balance": 0.04898556,
  "sol_price_usd": 85.52,
  "btc_price_usd": 68357,
  "bnb_price_usd": 625.77,
  "eth_price_usd": 1983.2,
  "sol_value_usd": 101.45053560959998,
  "wbtc_value_usd": 0,
  "bnb_value_usd": 30.6536938812,
  "total_usd": 134.65,
  "meme_holdings": {}
}