{
  "timestamp": "2026-02-22T06:18:07.613764",
  "wallet_address": "CdJSUeHX49eFK8hixbfDKNRLTakYcy59MbVEh8pDnn9U",
  "sol_balance": 1.18627848,
  "usdc_balance": 2.547636,
  "wbtc_balance": 0,
  "bnb_balance": 0.04898556,
  "sol_price_usd": 85.55,
  "btc_price_usd": 68251,
  "bnb_price_usd": 625.39,
  "eth_price_usd": 1975.24,
  "sol_value_usd": 101.48612396399999,
  "wbtc_value_usd": 0,
  "bnb_value_usd": 30.635079368399996,
  "total_usd": 134.67,
  "meme_holdings": {}
}