{
  "timestamp": "2026-02-21T21:39:06.718234",
  "wallet_address": "CdJSUeHX49eFK8hixbfDKNRLTakYcy59MbVEh8pDnn9U",
  "sol_balance": 0.62214143,
  "usdc_balance": 51.949887,
  "wbtc_balance": 0,
  "bnb_balance": 0.04898556,
  "sol_price_usd": 85.15,
  "btc_price_usd": 67918,
  "bnb_price_usd": 628.73,
  "eth_price_usd": 1970.31,
  "sol_value_usd": 52.975342764500006,
  "wbtc_value_usd": 0,
  "bnb_value_usd": 30.7986911388,
  "total_usd": 135.72,
  "meme_holdings": {}
}