{
  "timestamp": "2026-02-21T23:12:04.678816",
  "wallet_address": "CdJSUeHX49eFK8hixbfDKNRLTakYcy59MbVEh8pDnn9U",
  "sol_balance": 0.62214143,
  "usdc_balance": 51.949887,
  "wbtc_balance": 0,
  "bnb_balance": 0.04898556,
  "sol_price_usd": 85.68,
  "btc_price_usd": 68201,
  "bnb_price_usd": 632.85,
  "eth_price_usd": 1978.87,
  "sol_value_usd": 53.30507772240001,
  "wbtc_value_usd": 0,
  "bnb_value_usd": 31.000511646,
  "total_usd": 136.26,
  "meme_holdings": {}
}