{
  "timestamp": "2026-02-19T06:20:12.523769",
  "wallet_address": "CdJSUeHX49eFK8hixbfDKNRLTakYcy59MbVEh8pDnn9U",
  "sol_balance": 0.856969964,
  "usdc_balance": 145.73442,
  "wbtc_balance": 0,
  "bnb_balance": 0.04898556,
  "sol_price_usd": 81.08,
  "btc_price_usd": 66095,
  "bnb_price_usd": 602.05,
  "eth_price_usd": 1935.88,
  "sol_value_usd": 69.48312468112,
  "wbtc_value_usd": 0,
  "bnb_value_usd": 29.491756397999996,
  "total_usd": 244.71,
  "meme_holdings": {}
}