{
  "timestamp": "2026-02-19T15:49:32.672175",
  "wallet_address": "CdJSUeHX49eFK8hixbfDKNRLTakYcy59MbVEh8pDnn9U",
  "sol_balance": 0.744806794,
  "usdc_balance": 144.191321,
  "wbtc_balance": 0,
  "bnb_balance": 0.04898556,
  "sol_price_usd": 82.32,
  "btc_price_usd": 67115,
  "bnb_price_usd": 612.87,
  "eth_price_usd": 1980.81,
  "sol_value_usd": 61.31249528208,
  "wbtc_value_usd": 0,
  "bnb_value_usd": 30.0217801572,
  "total_usd": 235.53,
  "meme_holdings": {}
}