{
  "timestamp": "2026-02-19T09:20:40.336079",
  "wallet_address": "CdJSUeHX49eFK8hixbfDKNRLTakYcy59MbVEh8pDnn9U",
  "sol_balance": 0.765263603,
  "usdc_balance": 144.191321,
  "wbtc_balance": 0,
  "bnb_balance": 0.04898556,
  "sol_price_usd": 81.57,
  "btc_price_usd": 66524,
  "bnb_price_usd": 604.88,
  "eth_price_usd": 1956.8,
  "sol_value_usd": 62.42255209670999,
  "wbtc_value_usd": 0,
  "bnb_value_usd": 29.6303855328,
  "total_usd": 236.24,
  "meme_holdings": {}
}