{
  "timestamp": "2026-02-21T23:30:33.785039",
  "wallet_address": "CdJSUeHX49eFK8hixbfDKNRLTakYcy59MbVEh8pDnn9U",
  "sol_balance": 0.62214143,
  "usdc_balance": 51.949887,
  "wbtc_balance": 0,
  "bnb_balance": 0.04898556,
  "sol_price_usd": 86.12,
  "btc_price_usd": 68505,
  "bnb_price_usd": 633.52,
  "eth_price_usd": 1990.04,
  "sol_value_usd": 53.5788199516,
  "wbtc_value_usd": 0,
  "bnb_value_usd": 31.0333319712,
  "total_usd": 136.56,
  "meme_holdings": {}
}