{
  "timestamp": "2026-02-19T21:28:21.299935",
  "wallet_address": "CdJSUeHX49eFK8hixbfDKNRLTakYcy59MbVEh8pDnn9U",
  "sol_balance": 0.68736298,
  "usdc_balance": 144.191321,
  "wbtc_balance": 0,
  "bnb_balance": 0.04898556,
  "sol_price_usd": 81.09,
  "btc_price_usd": 66516,
  "bnb_price_usd": 604.7,
  "eth_price_usd": 1949.68,
  "sol_value_usd": 55.7382640482,
  "wbtc_value_usd": 0,
  "bnb_value_usd": 29.621568132,
  "total_usd": 229.55,
  "meme_holdings": {}
}