{
  "timestamp": "2026-02-19T20:50:21.135086",
  "wallet_address": "CdJSUeHX49eFK8hixbfDKNRLTakYcy59MbVEh8pDnn9U",
  "sol_balance": 0.68736298,
  "usdc_balance": 144.191321,
  "wbtc_balance": 0,
  "bnb_balance": 0.04898556,
  "sol_price_usd": 81.48,
  "btc_price_usd": 66693,
  "bnb_price_usd": 604.07,
  "eth_price_usd": 1957.31,
  "sol_value_usd": 56.0063356104,
  "wbtc_value_usd": 0,
  "bnb_value_usd": 29.5907072292,
  "total_usd": 229.79,
  "meme_holdings": {}
}