{
  "timestamp": "2026-02-19T19:27:13.832310",
  "wallet_address": "CdJSUeHX49eFK8hixbfDKNRLTakYcy59MbVEh8pDnn9U",
  "sol_balance": 0.698147892,
  "usdc_balance": 144.191321,
  "wbtc_balance": 0,
  "bnb_balance": 0.04898556,
  "sol_price_usd": 81.61,
  "btc_price_usd": 66873,
  "bnb_price_usd": 607.16,
  "eth_price_usd": 1965.68,
  "sol_value_usd": 56.97584946612,
  "wbtc_value_usd": 0,
  "bnb_value_usd": 29.742072609599997,
  "total_usd": 230.91,
  "meme_holdings": {}
}