{
  "timestamp": "2026-02-19T15:59:48.283054",
  "wallet_address": "CdJSUeHX49eFK8hixbfDKNRLTakYcy59MbVEh8pDnn9U",
  "sol_balance": 0.744806794,
  "usdc_balance": 144.191321,
  "wbtc_balance": 0,
  "bnb_balance": 0.04898556,
  "sol_price_usd": 82.3,
  "btc_price_usd": 67091,
  "bnb_price_usd": 612.77,
  "eth_price_usd": 1981.23,
  "sol_value_usd": 61.2975991462,
  "wbtc_value_usd": 0,
  "bnb_value_usd": 30.016881601199998,
  "total_usd": 235.51,
  "meme_holdings": {}
}