{
  "timestamp": "2026-02-19T21:41:41.631442",
  "wallet_address": "CdJSUeHX49eFK8hixbfDKNRLTakYcy59MbVEh8pDnn9U",
  "sol_balance": 0.68736298,
  "usdc_balance": 144.191321,
  "wbtc_balance": 0,
  "bnb_balance": 0.04898556,
  "sol_price_usd": 81.11,
  "btc_price_usd": 66622,
  "bnb_price_usd": 605.42,
  "eth_price_usd": 1951.85,
  "sol_value_usd": 55.7520113078,
  "wbtc_value_usd": 0,
  "bnb_value_usd": 29.656837735199996,
  "total_usd": 229.6,
  "meme_holdings": {}
}