{
  "timestamp": "2026-02-19T19:52:52.616734",
  "wallet_address": "CdJSUeHX49eFK8hixbfDKNRLTakYcy59MbVEh8pDnn9U",
  "sol_balance": 0.692668218,
  "usdc_balance": 144.191321,
  "wbtc_balance": 0,
  "bnb_balance": 0.04898556,
  "sol_price_usd": 81.62,
  "btc_price_usd": 66811,
  "bnb_price_usd": 606.13,
  "eth_price_usd": 1961.65,
  "sol_value_usd": 56.53557995316,
  "wbtc_value_usd": 0,
  "bnb_value_usd": 29.691617482799998,
  "total_usd": 230.42,
  "meme_holdings": {}
}