{
  "timestamp": "2026-02-19T19:16:57.491176",
  "wallet_address": "CdJSUeHX49eFK8hixbfDKNRLTakYcy59MbVEh8pDnn9U",
  "sol_balance": 0.698147892,
  "usdc_balance": 144.191321,
  "wbtc_balance": 0,
  "bnb_balance": 0.04898556,
  "sol_price_usd": 81.15,
  "btc_price_usd": 66865,
  "bnb_price_usd": 607.01,
  "eth_price_usd": 1964.7,
  "sol_value_usd": 56.65470143580001,
  "wbtc_value_usd": 0,
  "bnb_value_usd": 29.734724775599997,
  "total_usd": 230.58,
  "meme_holdings": {}
}