{
  "timestamp": "2026-02-16T08:53:33.808563",
  "wallet_address": "CdJSUeHX49eFK8hixbfDKNRLTakYcy59MbVEh8pDnn9U",
  "sol_balance": 0.277131782,
  "usdc_balance": 462.057735,
  "wbtc_balance": 1e-08,
  "bnb_balance": 0.03265508,
  "sol_price_usd": 85.87,
  "btc_price_usd": 68666,
  "bnb_price_usd": 613.83,
  "sol_value_usd": 23.79730612034,
  "wbtc_value_usd": 0.00068666,
  "bnb_value_usd": 20.044667756400003,
  "total_usd": 505.9
}