{
  "timestamp": "2026-02-19T20:28:47.723743",
  "wallet_address": "CdJSUeHX49eFK8hixbfDKNRLTakYcy59MbVEh8pDnn9U",
  "sol_balance": 0.68736298,
  "usdc_balance": 144.191321,
  "wbtc_balance": 0,
  "bnb_balance": 0.04898556,
  "sol_price_usd": 81.75,
  "btc_price_usd": 66859,
  "bnb_price_usd": 606.32,
  "eth_price_usd": 1961.74,
  "sol_value_usd": 56.19192361499999,
  "wbtc_value_usd": 0,
  "bnb_value_usd": 29.7009247392,
  "total_usd": 230.08,
  "meme_holdings": {}
}