{
  "timestamp": "2026-02-19T11:18:35.049411",
  "wallet_address": "CdJSUeHX49eFK8hixbfDKNRLTakYcy59MbVEh8pDnn9U",
  "sol_balance": 0.755359197,
  "usdc_balance": 144.191321,
  "wbtc_balance": 0,
  "bnb_balance": 0.04898556,
  "sol_price_usd": 81.89,
  "btc_price_usd": 66803,
  "bnb_price_usd": 606.82,
  "eth_price_usd": 1968.92,
  "sol_value_usd": 61.85636464233,
  "wbtc_value_usd": 0,
  "bnb_value_usd": 29.7254175192,
  "total_usd": 235.77,
  "meme_holdings": {}
}