{
  "timestamp": "2026-02-15T21:50:56.097632",
  "wallet_address": "CdJSUeHX49eFK8hixbfDKNRLTakYcy59MbVEh8pDnn9U",
  "sol_balance": 0.30744257,
  "usdc_balance": 440.97533,
  "wbtc_balance": 0.00028823,
  "bnb_balance": 0.03175978,
  "other_tokens": [],
  "sol_price_usd": 89.0,
  "btc_price_usd": 70108,
  "bnb_price_usd": 627.38,
  "sol_value_usd": 27.362388730000003,
  "wbtc_value_usd": 20.20722884,
  "bnb_value_usd": 19.9254507764,
  "total_usd": 508.4703983464
}