{
  "timestamp": "2026-02-21T21:33:59.046786",
  "wallet_address": "CdJSUeHX49eFK8hixbfDKNRLTakYcy59MbVEh8pDnn9U",
  "sol_balance": 0.62214143,
  "usdc_balance": 51.949887,
  "wbtc_balance": 0,
  "bnb_balance": 0.04898556,
  "sol_price_usd": 85.22,
  "btc_price_usd": 67982,
  "bnb_price_usd": 629.29,
  "eth_price_usd": 1974.32,
  "sol_value_usd": 53.018892664599996,
  "wbtc_value_usd": 0,
  "bnb_value_usd": 30.826123052399996,
  "total_usd": 135.79,
  "meme_holdings": {}
}