{
  "timestamp": "2026-02-16T12:25:50.761831",
  "wallet_address": "CdJSUeHX49eFK8hixbfDKNRLTakYcy59MbVEh8pDnn9U",
  "sol_balance": 0.272093264,
  "usdc_balance": 461.842791,
  "wbtc_balance": 1e-08,
  "bnb_balance": 0.03265508,
  "sol_price_usd": 85.39,
  "btc_price_usd": 68340,
  "bnb_price_usd": 612.86,
  "eth_price_usd": 1953.63,
  "sol_value_usd": 23.23404381296,
  "wbtc_value_usd": 0.0006834,
  "bnb_value_usd": 20.012992328800003,
  "total_usd": 505.09
}