{
  "timestamp": "2026-02-18T10:06:24.098490",
  "wallet_address": "CdJSUeHX49eFK8hixbfDKNRLTakYcy59MbVEh8pDnn9U",
  "sol_balance": 1.071586622,
  "usdc_balance": 70.092669,
  "wbtc_balance": 0,
  "bnb_balance": 0.04898556,
  "sol_price_usd": 84.94,
  "btc_price_usd": 67297,
  "bnb_price_usd": 616.29,
  "eth_price_usd": 1981.39,
  "sol_value_usd": 91.02056767268,
  "wbtc_value_usd": 0,
  "bnb_value_usd": 30.189310772399995,
  "total_usd": 291.16,
  "meme_holdings": {}
}