{
  "timestamp": "2026-02-19T10:34:26.762419",
  "wallet_address": "CdJSUeHX49eFK8hixbfDKNRLTakYcy59MbVEh8pDnn9U",
  "sol_balance": 0.882544687,
  "usdc_balance": 144.191321,
  "wbtc_balance": 0,
  "bnb_balance": 0.04898556,
  "sol_price_usd": 81.63,
  "btc_price_usd": 66676,
  "bnb_price_usd": 604.56,
  "eth_price_usd": 1962.53,
  "sol_value_usd": 72.04212279981,
  "wbtc_value_usd": 0,
  "bnb_value_usd": 29.614710153599997,
  "total_usd": 245.85,
  "meme_holdings": {}
}