{
  "timestamp": "2026-02-16T15:49:14.284119",
  "wallet_address": "CdJSUeHX49eFK8hixbfDKNRLTakYcy59MbVEh8pDnn9U",
  "sol_balance": 0.215616067,
  "usdc_balance": 451.655557,
  "wbtc_balance": 1e-08,
  "bnb_balance": 0.03265508,
  "sol_price_usd": 85.03,
  "btc_price_usd": 68433,
  "bnb_price_usd": 612.88,
  "eth_price_usd": 1964.32,
  "sol_value_usd": 18.33383417701,
  "wbtc_value_usd": 0.00068433,
  "bnb_value_usd": 20.0136454304,
  "total_usd": 490.0
}