{
  "timestamp": "2026-02-19T02:22:58.893542",
  "wallet_address": "CdJSUeHX49eFK8hixbfDKNRLTakYcy59MbVEh8pDnn9U",
  "sol_balance": 0.856969964,
  "usdc_balance": 145.73442,
  "wbtc_balance": 0,
  "bnb_balance": 0.04898556,
  "sol_price_usd": 82.5,
  "btc_price_usd": 67120,
  "bnb_price_usd": 617.48,
  "eth_price_usd": 1976.5,
  "sol_value_usd": 70.70002203,
  "wbtc_value_usd": 0,
  "bnb_value_usd": 30.2476035888,
  "total_usd": 246.68,
  "meme_holdings": {}
}