{
  "timestamp": "2026-02-22T03:28:57.055353",
  "wallet_address": "CdJSUeHX49eFK8hixbfDKNRLTakYcy59MbVEh8pDnn9U",
  "sol_balance": 0.61941447,
  "usdc_balance": 50.95271,
  "wbtc_balance": 0,
  "bnb_balance": 0.04898556,
  "sol_price_usd": 86.27,
  "btc_price_usd": 68501,
  "bnb_price_usd": 627.97,
  "eth_price_usd": 1989.68,
  "sol_value_usd": 53.4368863269,
  "wbtc_value_usd": 0,
  "bnb_value_usd": 30.7614621132,
  "total_usd": 135.15,
  "meme_holdings": {}
}