{
  "timestamp": "2026-02-21T21:58:45.355599",
  "wallet_address": "CdJSUeHX49eFK8hixbfDKNRLTakYcy59MbVEh8pDnn9U",
  "sol_balance": 0.62214143,
  "usdc_balance": 51.949887,
  "wbtc_balance": 0,
  "bnb_balance": 0.04898556,
  "sol_price_usd": 85.18,
  "btc_price_usd": 68153,
  "bnb_price_usd": 630.13,
  "eth_price_usd": 1974.43,
  "sol_value_usd": 52.9940070074,
  "wbtc_value_usd": 0,
  "bnb_value_usd": 30.8672709228,
  "total_usd": 135.81,
  "meme_holdings": {}
}