{
  "timestamp": "2026-02-19T01:48:01.305697",
  "wallet_address": "CdJSUeHX49eFK8hixbfDKNRLTakYcy59MbVEh8pDnn9U",
  "sol_balance": 0.856969964,
  "usdc_balance": 145.73442,
  "wbtc_balance": 0,
  "bnb_balance": 0.04898556,
  "sol_price_usd": 82.22,
  "btc_price_usd": 67062,
  "bnb_price_usd": 615.4,
  "eth_price_usd": 1970.85,
  "sol_value_usd": 70.46007044008,
  "wbtc_value_usd": 0,
  "bnb_value_usd": 30.145713624,
  "total_usd": 246.34,
  "meme_holdings": {}
}