{
  "timestamp": "2026-02-18T17:45:39.189550",
  "wallet_address": "CdJSUeHX49eFK8hixbfDKNRLTakYcy59MbVEh8pDnn9U",
  "sol_balance": 1.144016678,
  "usdc_balance": 167.443709,
  "wbtc_balance": 0,
  "bnb_balance": 0.04898556,
  "sol_price_usd": 85.58,
  "btc_price_usd": 68146,
  "bnb_price_usd": 623.68,
  "eth_price_usd": 2022.3,
  "sol_value_usd": 97.90494730324001,
  "wbtc_value_usd": 0,
  "bnb_value_usd": 30.551314060799996,
  "total_usd": 295.9,
  "meme_holdings": {}
}