{
  "timestamp": "2026-02-19T09:36:02.378494",
  "wallet_address": "CdJSUeHX49eFK8hixbfDKNRLTakYcy59MbVEh8pDnn9U",
  "sol_balance": 0.765263603,
  "usdc_balance": 144.191321,
  "wbtc_balance": 0,
  "bnb_balance": 0.04898556,
  "sol_price_usd": 81.38,
  "btc_price_usd": 66373,
  "bnb_price_usd": 603.59,
  "eth_price_usd": 1952.87,
  "sol_value_usd": 62.27715201213999,
  "wbtc_value_usd": 0,
  "bnb_value_usd": 29.5671941604,
  "total_usd": 236.04,
  "meme_holdings": {}
}