{
  "timestamp": "2026-02-16T11:36:30.991284",
  "wallet_address": "CdJSUeHX49eFK8hixbfDKNRLTakYcy59MbVEh8pDnn9U",
  "sol_balance": 0.277131782,
  "usdc_balance": 462.057735,
  "wbtc_balance": 1e-08,
  "bnb_balance": 0.03265508,
  "sol_price_usd": 85.85,
  "btc_price_usd": 68350,
  "bnb_price_usd": 613.13,
  "eth_price_usd": 1957.46,
  "sol_value_usd": 23.7917634847,
  "wbtc_value_usd": 0.0006835,
  "bnb_value_usd": 20.021809200400003,
  "total_usd": 505.87
}