{
  "timestamp": "2026-02-16T10:58:25.324668",
  "wallet_address": "CdJSUeHX49eFK8hixbfDKNRLTakYcy59MbVEh8pDnn9U",
  "sol_balance": 0.277131782,
  "usdc_balance": 462.057735,
  "wbtc_balance": 1e-08,
  "bnb_balance": 0.03265508,
  "sol_price_usd": 85.54,
  "btc_price_usd": 68616,
  "bnb_price_usd": 613.79,
  "eth_price_usd": 1962.2,
  "sol_value_usd": 23.705852632280003,
  "wbtc_value_usd": 0.00068616,
  "bnb_value_usd": 20.0433615532,
  "total_usd": 505.81
}