{
  "timestamp": "2026-02-20T00:28:30.578612",
  "wallet_address": "CdJSUeHX49eFK8hixbfDKNRLTakYcy59MbVEh8pDnn9U",
  "sol_balance": 0.68736298,
  "usdc_balance": 144.191321,
  "wbtc_balance": 0,
  "bnb_balance": 0.04898556,
  "sol_price_usd": 80.29,
  "btc_price_usd": 66039,
  "bnb_price_usd": 599.24,
  "eth_price_usd": 1918.19,
  "sol_value_usd": 55.1883736642,
  "wbtc_value_usd": 0,
  "bnb_value_usd": 29.3541069744,
  "total_usd": 228.73,
  "meme_holdings": {}
}