{
  "timestamp": "2026-02-18T20:49:16.800791",
  "wallet_address": "CdJSUeHX49eFK8hixbfDKNRLTakYcy59MbVEh8pDnn9U",
  "sol_balance": 0.90399023,
  "usdc_balance": 67.443709,
  "wbtc_balance": 0,
  "bnb_balance": 0.04898556,
  "sol_price_usd": 83.54,
  "btc_price_usd": 67476,
  "bnb_price_usd": 616.09,
  "eth_price_usd": 1983.22,
  "sol_value_usd": 75.5193438142,
  "wbtc_value_usd": 0,
  "bnb_value_usd": 30.1795136604,
  "total_usd": 272.08,
  "meme_holdings": {}
}