{
  "timestamp": "2026-02-19T04:36:29.650610",
  "wallet_address": "CdJSUeHX49eFK8hixbfDKNRLTakYcy59MbVEh8pDnn9U",
  "sol_balance": 0.856969964,
  "usdc_balance": 145.73442,
  "wbtc_balance": 0,
  "bnb_balance": 0.04898556,
  "sol_price_usd": 81.01,
  "btc_price_usd": 66179,
  "bnb_price_usd": 605.17,
  "eth_price_usd": 1949.45,
  "sol_value_usd": 69.42313678364,
  "wbtc_value_usd": 0,
  "bnb_value_usd": 29.644591345199995,
  "total_usd": 244.8,
  "meme_holdings": {}
}