{
  "timestamp": "2026-02-19T22:05:19.690556",
  "wallet_address": "CdJSUeHX49eFK8hixbfDKNRLTakYcy59MbVEh8pDnn9U",
  "sol_balance": 0.68736298,
  "usdc_balance": 144.191321,
  "wbtc_balance": 0,
  "bnb_balance": 0.04898556,
  "sol_price_usd": 80.77,
  "btc_price_usd": 66501,
  "bnb_price_usd": 605.44,
  "eth_price_usd": 1946.49,
  "sol_value_usd": 55.51830789459999,
  "wbtc_value_usd": 0,
  "bnb_value_usd": 29.657817446400003,
  "total_usd": 229.37,
  "meme_holdings": {}
}