{
  "timestamp": "2026-02-19T08:07:54.477135",
  "wallet_address": "CdJSUeHX49eFK8hixbfDKNRLTakYcy59MbVEh8pDnn9U",
  "sol_balance": 0.77679506,
  "usdc_balance": 144.191321,
  "wbtc_balance": 0,
  "bnb_balance": 0.04898556,
  "sol_price_usd": 81.42,
  "btc_price_usd": 66389,
  "bnb_price_usd": 604.68,
  "eth_price_usd": 1947.08,
  "sol_value_usd": 63.2466537852,
  "wbtc_value_usd": 0,
  "bnb_value_usd": 29.620588420799997,
  "total_usd": 237.06,
  "meme_holdings": {}
}