{
  "timestamp": "2026-02-18T09:56:09.667327",
  "wallet_address": "CdJSUeHX49eFK8hixbfDKNRLTakYcy59MbVEh8pDnn9U",
  "sol_balance": 1.073753347,
  "usdc_balance": 170.092669,
  "wbtc_balance": 0,
  "bnb_balance": 0.04898556,
  "sol_price_usd": 85.3,
  "btc_price_usd": 67353,
  "bnb_price_usd": 617.2,
  "eth_price_usd": 1988.38,
  "sol_value_usd": 91.5911604991,
  "wbtc_value_usd": 0,
  "bnb_value_usd": 30.233887632000002,
  "total_usd": 291.92,
  "meme_holdings": {}
}