{
  "timestamp": "2026-02-16T00:37:41.823857",
  "wallet_address": "CdJSUeHX49eFK8hixbfDKNRLTakYcy59MbVEh8pDnn9U",
  "sol_balance": 0.161475608,
  "usdc_balance": 453.148177,
  "wbtc_balance": 0.00028823,
  "bnb_balance": 0.03222343,
  "sol_price_usd": 87.26,
  "btc_price_usd": 68971,
  "bnb_price_usd": 620.95,
  "sol_value_usd": 14.09036155408,
  "wbtc_value_usd": 19.87951133,
  "bnb_value_usd": 20.0091388585,
  "total_usd": 507.13
}