{
  "timestamp": "2026-02-19T20:06:13.351631",
  "wallet_address": "CdJSUeHX49eFK8hixbfDKNRLTakYcy59MbVEh8pDnn9U",
  "sol_balance": 0.692668218,
  "usdc_balance": 144.191321,
  "wbtc_balance": 0,
  "bnb_balance": 0.04898556,
  "sol_price_usd": 81.47,
  "btc_price_usd": 66801,
  "bnb_price_usd": 605.73,
  "eth_price_usd": 1957.89,
  "sol_value_usd": 56.43167972046,
  "wbtc_value_usd": 0,
  "bnb_value_usd": 29.6720232588,
  "total_usd": 230.3,
  "meme_holdings": {}
}