{
  "timestamp": "2026-02-18T17:05:40.607284",
  "wallet_address": "CdJSUeHX49eFK8hixbfDKNRLTakYcy59MbVEh8pDnn9U",
  "sol_balance": 1.144016678,
  "usdc_balance": 167.443709,
  "wbtc_balance": 0,
  "bnb_balance": 0.04898556,
  "sol_price_usd": 85.29,
  "btc_price_usd": 68110,
  "bnb_price_usd": 620.73,
  "eth_price_usd": 2017.17,
  "sol_value_usd": 97.57318246662001,
  "wbtc_value_usd": 0,
  "bnb_value_usd": 30.4068066588,
  "total_usd": 295.42,
  "meme_holdings": {}
}