{
  "timestamp": "2026-02-21T20:09:58.074156",
  "wallet_address": "CdJSUeHX49eFK8hixbfDKNRLTakYcy59MbVEh8pDnn9U",
  "sol_balance": 1.20072116,
  "usdc_balance": 2.561398,
  "wbtc_balance": 0,
  "bnb_balance": 0.04898556,
  "sol_price_usd": 85.12,
  "btc_price_usd": 68198,
  "bnb_price_usd": 629.77,
  "eth_price_usd": 1974.0,
  "sol_value_usd": 102.2053851392,
  "wbtc_value_usd": 0,
  "bnb_value_usd": 30.849636121199996,
  "total_usd": 135.62,
  "meme_holdings": {}
}