{
  "timestamp": "2026-02-19T09:23:44.691196",
  "wallet_address": "CdJSUeHX49eFK8hixbfDKNRLTakYcy59MbVEh8pDnn9U",
  "sol_balance": 0.765263603,
  "usdc_balance": 144.191321,
  "wbtc_balance": 0,
  "bnb_balance": 0.04898556,
  "sol_price_usd": 81.47,
  "btc_price_usd": 66465,
  "bnb_price_usd": 604.55,
  "eth_price_usd": 1958.06,
  "sol_value_usd": 62.34602573641,
  "wbtc_value_usd": 0,
  "bnb_value_usd": 29.614220297999996,
  "total_usd": 236.15,
  "meme_holdings": {}
}