{
  "timestamp": "2026-02-22T01:43:08.888312",
  "wallet_address": "CdJSUeHX49eFK8hixbfDKNRLTakYcy59MbVEh8pDnn9U",
  "sol_balance": 0.62214143,
  "usdc_balance": 51.949887,
  "wbtc_balance": 0,
  "bnb_balance": 0.04898556,
  "sol_price_usd": 85.99,
  "btc_price_usd": 68214,
  "bnb_price_usd": 624.87,
  "eth_price_usd": 1983.06,
  "sol_value_usd": 53.497941565699996,
  "wbtc_value_usd": 0,
  "bnb_value_usd": 30.609606877199997,
  "total_usd": 136.06,
  "meme_holdings": {}
}