{
  "timestamp": "2026-02-16T09:08:30.771774",
  "wallet_address": "CdJSUeHX49eFK8hixbfDKNRLTakYcy59MbVEh8pDnn9U",
  "sol_balance": 0.277131782,
  "usdc_balance": 462.057735,
  "wbtc_balance": 1e-08,
  "bnb_balance": 0.03265508,
  "sol_price_usd": 85.99,
  "btc_price_usd": 68781,
  "bnb_price_usd": 614.77,
  "sol_value_usd": 23.830561934179997,
  "wbtc_value_usd": 0.00068781,
  "bnb_value_usd": 20.0753635316,
  "total_usd": 505.96
}