{
  "timestamp": "2026-02-22T00:22:54.667862",
  "wallet_address": "CdJSUeHX49eFK8hixbfDKNRLTakYcy59MbVEh8pDnn9U",
  "sol_balance": 0.62214143,
  "usdc_balance": 51.949887,
  "wbtc_balance": 0,
  "bnb_balance": 0.04898556,
  "sol_price_usd": 86.43,
  "btc_price_usd": 68479,
  "bnb_price_usd": 631.17,
  "eth_price_usd": 1988.59,
  "sol_value_usd": 53.77168379490001,
  "wbtc_value_usd": 0,
  "bnb_value_usd": 30.918215905199997,
  "total_usd": 136.64,
  "meme_holdings": {}
}