{
  "timestamp": "2026-02-19T20:41:06.698065",
  "wallet_address": "CdJSUeHX49eFK8hixbfDKNRLTakYcy59MbVEh8pDnn9U",
  "sol_balance": 0.68736298,
  "usdc_balance": 144.191321,
  "wbtc_balance": 0,
  "bnb_balance": 0.04898556,
  "sol_price_usd": 81.71,
  "btc_price_usd": 66807,
  "bnb_price_usd": 605.83,
  "eth_price_usd": 1959.57,
  "sol_value_usd": 56.164429095799996,
  "wbtc_value_usd": 0,
  "bnb_value_usd": 29.6769218148,
  "total_usd": 230.03,
  "meme_holdings": {}
}