{
  "timestamp": "2026-02-19T02:19:53.284296",
  "wallet_address": "CdJSUeHX49eFK8hixbfDKNRLTakYcy59MbVEh8pDnn9U",
  "sol_balance": 0.856969964,
  "usdc_balance": 145.73442,
  "wbtc_balance": 0,
  "bnb_balance": 0.04898556,
  "sol_price_usd": 82.62,
  "btc_price_usd": 67337,
  "bnb_price_usd": 619.79,
  "eth_price_usd": 1983.02,
  "sol_value_usd": 70.80285842568,
  "wbtc_value_usd": 0,
  "bnb_value_usd": 30.360760232399997,
  "total_usd": 246.9,
  "meme_holdings": {}
}