{
  "timestamp": "2026-02-15T20:52:08.292627",
  "wallet_address": "CdJSUeHX49eFK8hixbfDKNRLTakYcy59MbVEh8pDnn9U",
  "sol_balance": 0.082850471,
  "usdc_balance": 460.97533,
  "wbtc_balance": 0.00028823,
  "bnb_balance": 0.03175978,
  "other_tokens": [],
  "sol_price_usd": 89.22,
  "btc_price_usd": 70314,
  "bnb_price_usd": 629.86,
  "sol_value_usd": 7.39191902262,
  "wbtc_value_usd": 20.26660422,
  "bnb_value_usd": 20.0042150308,
  "total_usd": 508.63806827342
}