{
  "timestamp": "2026-02-16T09:56:43.324152",
  "wallet_address": "CdJSUeHX49eFK8hixbfDKNRLTakYcy59MbVEh8pDnn9U",
  "sol_balance": 0.277131782,
  "usdc_balance": 462.057735,
  "wbtc_balance": 1e-08,
  "bnb_balance": 0.03265508,
  "sol_price_usd": 85.93,
  "btc_price_usd": 68806,
  "bnb_price_usd": 614.69,
  "sol_value_usd": 23.81393402726,
  "wbtc_value_usd": 0.00068806,
  "bnb_value_usd": 20.072751125200003,
  "total_usd": 505.95
}