{
  "timestamp": "2026-02-22T04:33:33.258741",
  "wallet_address": "CdJSUeHX49eFK8hixbfDKNRLTakYcy59MbVEh8pDnn9U",
  "sol_balance": 0.61941447,
  "usdc_balance": 50.95271,
  "wbtc_balance": 0,
  "bnb_balance": 0.04898556,
  "sol_price_usd": 86.54,
  "btc_price_usd": 68589,
  "bnb_price_usd": 628.01,
  "eth_price_usd": 1991.4,
  "sol_value_usd": 53.60412823380001,
  "wbtc_value_usd": 0,
  "bnb_value_usd": 30.7634215356,
  "total_usd": 135.32,
  "meme_holdings": {}
}