{
  "timestamp": "2026-02-21T20:01:46.127048",
  "wallet_address": "CdJSUeHX49eFK8hixbfDKNRLTakYcy59MbVEh8pDnn9U",
  "sol_balance": 1.20072116,
  "usdc_balance": 2.561398,
  "wbtc_balance": 0,
  "bnb_balance": 0.04898556,
  "sol_price_usd": 85.08,
  "btc_price_usd": 68204,
  "bnb_price_usd": 629.62,
  "eth_price_usd": 1973.84,
  "sol_value_usd": 102.1573562928,
  "wbtc_value_usd": 0,
  "bnb_value_usd": 30.8422882872,
  "total_usd": 135.56,
  "meme_holdings": {}
}