{
  "timestamp": "2026-02-19T14:06:50.336126",
  "wallet_address": "CdJSUeHX49eFK8hixbfDKNRLTakYcy59MbVEh8pDnn9U",
  "sol_balance": 0.744869857,
  "usdc_balance": 144.191321,
  "wbtc_balance": 0,
  "bnb_balance": 0.04898556,
  "sol_price_usd": 81.55,
  "btc_price_usd": 66776,
  "bnb_price_usd": 608.72,
  "eth_price_usd": 1968.62,
  "sol_value_usd": 60.744136838349995,
  "wbtc_value_usd": 0,
  "bnb_value_usd": 29.8184900832,
  "total_usd": 234.75,
  "meme_holdings": {}
}