{
  "timestamp": "2026-02-19T16:43:59.423286",
  "wallet_address": "CdJSUeHX49eFK8hixbfDKNRLTakYcy59MbVEh8pDnn9U",
  "sol_balance": 0.727533851,
  "usdc_balance": 144.191321,
  "wbtc_balance": 0,
  "bnb_balance": 0.04898556,
  "sol_price_usd": 82.36,
  "btc_price_usd": 67147,
  "bnb_price_usd": 611.22,
  "eth_price_usd": 1980.95,
  "sol_value_usd": 59.91968796836,
  "wbtc_value_usd": 0,
  "bnb_value_usd": 29.9409539832,
  "total_usd": 234.05,
  "meme_holdings": {}
}