{
  "timestamp": "2026-02-18T20:25:41.144733",
  "wallet_address": "CdJSUeHX49eFK8hixbfDKNRLTakYcy59MbVEh8pDnn9U",
  "sol_balance": 1.081859385,
  "usdc_balance": 67.443709,
  "wbtc_balance": 0,
  "bnb_balance": 0.04898556,
  "sol_price_usd": 83.49,
  "btc_price_usd": 67308,
  "bnb_price_usd": 615.25,
  "eth_price_usd": 1981.05,
  "sol_value_usd": 90.32444005365,
  "wbtc_value_usd": 0,
  "bnb_value_usd": 30.138365789999998,
  "total_usd": 286.73,
  "meme_holdings": {}
}