{
  "timestamp": "2026-02-16T08:23:30.601186",
  "wallet_address": "CdJSUeHX49eFK8hixbfDKNRLTakYcy59MbVEh8pDnn9U",
  "sol_balance": 0.277131782,
  "usdc_balance": 462.057735,
  "wbtc_balance": 1e-08,
  "bnb_balance": 0.03265508,
  "sol_price_usd": 85.39,
  "btc_price_usd": 68476,
  "bnb_price_usd": 612.73,
  "sol_value_usd": 23.66428286498,
  "wbtc_value_usd": 0.00068476,
  "bnb_value_usd": 20.008747168400003,
  "total_usd": 505.73
}