{
  "timestamp": "2026-02-18T09:21:19.436513",
  "wallet_address": "CdJSUeHX49eFK8hixbfDKNRLTakYcy59MbVEh8pDnn9U",
  "sol_balance": 1.073753347,
  "usdc_balance": 170.092669,
  "wbtc_balance": 0,
  "bnb_balance": 0.04898556,
  "sol_price_usd": 85.27,
  "btc_price_usd": 67547,
  "bnb_price_usd": 618.34,
  "eth_price_usd": 1993.81,
  "sol_value_usd": 91.55894789869,
  "wbtc_value_usd": 0,
  "bnb_value_usd": 30.2897311704,
  "total_usd": 291.94,
  "meme_holdings": {}
}