{
  "timestamp": "2026-02-20T00:52:10.785251",
  "wallet_address": "CdJSUeHX49eFK8hixbfDKNRLTakYcy59MbVEh8pDnn9U",
  "sol_balance": 0.68736298,
  "usdc_balance": 144.191321,
  "wbtc_balance": 0,
  "bnb_balance": 0.04898556,
  "sol_price_usd": 80.54,
  "btc_price_usd": 66435,
  "bnb_price_usd": 600.79,
  "eth_price_usd": 1928.33,
  "sol_value_usd": 55.3602144092,
  "wbtc_value_usd": 0,
  "bnb_value_usd": 29.4300345924,
  "total_usd": 228.98,
  "meme_holdings": {}
}