{
  "timestamp": "2026-02-19T02:04:29.543796",
  "wallet_address": "CdJSUeHX49eFK8hixbfDKNRLTakYcy59MbVEh8pDnn9U",
  "sol_balance": 0.856969964,
  "usdc_balance": 145.73442,
  "wbtc_balance": 0,
  "bnb_balance": 0.04898556,
  "sol_price_usd": 82.19,
  "btc_price_usd": 67102,
  "bnb_price_usd": 616.19,
  "eth_price_usd": 1970.69,
  "sol_value_usd": 70.43436134116,
  "wbtc_value_usd": 0,
  "bnb_value_usd": 30.184412216400002,
  "total_usd": 246.35,
  "meme_holdings": {}
}