{
  "timestamp": "2026-02-19T06:07:53.414093",
  "wallet_address": "CdJSUeHX49eFK8hixbfDKNRLTakYcy59MbVEh8pDnn9U",
  "sol_balance": 0.856969964,
  "usdc_balance": 145.73442,
  "wbtc_balance": 0,
  "bnb_balance": 0.04898556,
  "sol_price_usd": 81.3,
  "btc_price_usd": 66246,
  "bnb_price_usd": 603.55,
  "eth_price_usd": 1940.63,
  "sol_value_usd": 69.6716580732,
  "wbtc_value_usd": 0,
  "bnb_value_usd": 29.565234737999997,
  "total_usd": 244.97,
  "meme_holdings": {}
}