{
  "timestamp": "2026-02-19T05:53:30.285389",
  "wallet_address": "CdJSUeHX49eFK8hixbfDKNRLTakYcy59MbVEh8pDnn9U",
  "sol_balance": 0.856969964,
  "usdc_balance": 145.73442,
  "wbtc_balance": 0,
  "bnb_balance": 0.04898556,
  "sol_price_usd": 81.45,
  "btc_price_usd": 66449,
  "bnb_price_usd": 605.9,
  "eth_price_usd": 1950.13,
  "sol_value_usd": 69.80020356780001,
  "wbtc_value_usd": 0,
  "bnb_value_usd": 29.680350803999996,
  "total_usd": 245.21,
  "meme_holdings": {}
}