{
  "timestamp": "2026-02-19T23:09:02.507910",
  "wallet_address": "CdJSUeHX49eFK8hixbfDKNRLTakYcy59MbVEh8pDnn9U",
  "sol_balance": 0.68736298,
  "usdc_balance": 144.191321,
  "wbtc_balance": 0,
  "bnb_balance": 0.04898556,
  "sol_price_usd": 79.94,
  "btc_price_usd": 65930,
  "bnb_price_usd": 599.07,
  "eth_price_usd": 1922.85,
  "sol_value_usd": 54.9477966212,
  "wbtc_value_usd": 0,
  "bnb_value_usd": 29.3457794292,
  "total_usd": 228.48,
  "meme_holdings": {}
}