{
  "timestamp": "2026-02-19T16:54:15.169703",
  "wallet_address": "CdJSUeHX49eFK8hixbfDKNRLTakYcy59MbVEh8pDnn9U",
  "sol_balance": 0.727533851,
  "usdc_balance": 144.191321,
  "wbtc_balance": 0,
  "bnb_balance": 0.04898556,
  "sol_price_usd": 82.26,
  "btc_price_usd": 67178,
  "bnb_price_usd": 610.89,
  "eth_price_usd": 1981.17,
  "sol_value_usd": 59.84693458326,
  "wbtc_value_usd": 0,
  "bnb_value_usd": 29.924788748399997,
  "total_usd": 233.96,
  "meme_holdings": {}
}