{
  "timestamp": "2026-02-18T16:23:38.105084",
  "wallet_address": "CdJSUeHX49eFK8hixbfDKNRLTakYcy59MbVEh8pDnn9U",
  "sol_balance": 1.144034019,
  "usdc_balance": 66.208852,
  "wbtc_balance": 0,
  "bnb_balance": 0.04898556,
  "sol_price_usd": 84.78,
  "btc_price_usd": 67729,
  "bnb_price_usd": 615.51,
  "eth_price_usd": 1998.59,
  "sol_value_usd": 96.99120413082001,
  "wbtc_value_usd": 0,
  "bnb_value_usd": 30.151102035599997,
  "total_usd": 294.08,
  "meme_holdings": {}
}