{
  "timestamp": "2026-02-15T20:37:05.504925",
  "wallet_address": "CdJSUeHX49eFK8hixbfDKNRLTakYcy59MbVEh8pDnn9U",
  "sol_balance": 0.082850471,
  "usdc_balance": 460.97533,
  "wbtc_balance": 0.00028823,
  "bnb_balance": 0.03175978,
  "other_tokens": [],
  "sol_price_usd": 89.27,
  "btc_price_usd": 70299,
  "bnb_price_usd": 629.82,
  "sol_value_usd": 7.3960615461699994,
  "wbtc_value_usd": 20.26228077,
  "bnb_value_usd": 20.002944639600003,
  "total_usd": 508.63661695577
}