{
  "timestamp": "2026-02-15T23:52:37.134091",
  "wallet_address": "CdJSUeHX49eFK8hixbfDKNRLTakYcy59MbVEh8pDnn9U",
  "sol_balance": 0.161475608,
  "usdc_balance": 453.148177,
  "wbtc_balance": 0.00028823,
  "bnb_balance": 0.03222343,
  "sol_price_usd": 87.37,
  "btc_price_usd": 69116,
  "bnb_price_usd": 621.37,
  "sol_value_usd": 14.10812387096,
  "wbtc_value_usd": 19.92130468,
  "bnb_value_usd": 20.0226726991,
  "total_usd": 507.2
}