{
  "timestamp": "2026-02-18T15:23:04.968090",
  "wallet_address": "CdJSUeHX49eFK8hixbfDKNRLTakYcy59MbVEh8pDnn9U",
  "sol_balance": 1.144034019,
  "usdc_balance": 66.208852,
  "wbtc_balance": 0,
  "bnb_balance": 0.04898556,
  "sol_price_usd": 85.02,
  "btc_price_usd": 67742,
  "bnb_price_usd": 616.69,
  "eth_price_usd": 1999.0,
  "sol_value_usd": 97.26577229538,
  "wbtc_value_usd": 0,
  "bnb_value_usd": 30.2089049964,
  "total_usd": 294.43,
  "meme_holdings": {}
}