{
  "timestamp": "2026-02-15T22:37:28.386357",
  "wallet_address": "CdJSUeHX49eFK8hixbfDKNRLTakYcy59MbVEh8pDnn9U",
  "sol_balance": 0.049917591,
  "usdc_balance": 463.52095,
  "wbtc_balance": 0.00028823,
  "bnb_balance": 0.03175978,
  "other_tokens": [],
  "sol_price_usd": 87.49,
  "btc_price_usd": 68938,
  "bnb_price_usd": 618.56,
  "sol_value_usd": 4.367290036589999,
  "wbtc_value_usd": 19.86999974,
  "bnb_value_usd": 19.6453295168,
  "total_usd": 507.4035692933901
}