{
  "timestamp": "2026-02-15T21:53:07.797422",
  "wallet_address": "CdJSUeHX49eFK8hixbfDKNRLTakYcy59MbVEh8pDnn9U",
  "sol_balance": 0.30744257,
  "usdc_balance": 440.97533,
  "wbtc_balance": 0.00028823,
  "bnb_balance": 0.03175978,
  "other_tokens": [],
  "sol_price_usd": 88.79,
  "btc_price_usd": 69861,
  "bnb_price_usd": 624.79,
  "sol_value_usd": 27.297825790300003,
  "wbtc_value_usd": 20.13603603,
  "bnb_value_usd": 19.8431929462,
  "total_usd": 508.25238476650003
}