{
  "timestamp": "2026-02-22T07:18:33.962150",
  "wallet_address": "CdJSUeHX49eFK8hixbfDKNRLTakYcy59MbVEh8pDnn9U",
  "sol_balance": 1.18627848,
  "usdc_balance": 2.547636,
  "wbtc_balance": 0,
  "bnb_balance": 0.04898556,
  "sol_price_usd": 85.78,
  "btc_price_usd": 68348,
  "bnb_price_usd": 626.81,
  "eth_price_usd": 1979.98,
  "sol_value_usd": 101.7589680144,
  "wbtc_value_usd": 0,
  "bnb_value_usd": 30.704638863599996,
  "total_usd": 135.01,
  "meme_holdings": {}
}