{
  "timestamp": "2026-02-19T23:30:38.094886",
  "wallet_address": "CdJSUeHX49eFK8hixbfDKNRLTakYcy59MbVEh8pDnn9U",
  "sol_balance": 0.68736298,
  "usdc_balance": 144.191321,
  "wbtc_balance": 0,
  "bnb_balance": 0.04898556,
  "sol_price_usd": 80.18,
  "btc_price_usd": 65915,
  "bnb_price_usd": 599.44,
  "eth_price_usd": 1925.13,
  "sol_value_usd": 55.1127637364,
  "wbtc_value_usd": 0,
  "bnb_value_usd": 29.3639040864,
  "total_usd": 228.67,
  "meme_holdings": {}
}