{
  "timestamp": "2026-02-15T22:07:22.145368",
  "wallet_address": "CdJSUeHX49eFK8hixbfDKNRLTakYcy59MbVEh8pDnn9U",
  "sol_balance": 0.049917591,
  "usdc_balance": 463.52095,
  "wbtc_balance": 0.00028823,
  "bnb_balance": 0.03175978,
  "other_tokens": [],
  "sol_price_usd": 87.77,
  "btc_price_usd": 69385,
  "bnb_price_usd": 621.46,
  "sol_value_usd": 4.38126696207,
  "wbtc_value_usd": 19.99883855,
  "bnb_value_usd": 19.737432878800004,
  "total_usd": 507.63848839087007
}