{
  "timestamp": "2026-02-21T21:52:27.611116",
  "wallet_address": "CdJSUeHX49eFK8hixbfDKNRLTakYcy59MbVEh8pDnn9U",
  "sol_balance": 0.62214143,
  "usdc_balance": 51.949887,
  "wbtc_balance": 0,
  "bnb_balance": 0.04898556,
  "sol_price_usd": 85.08,
  "btc_price_usd": 68014,
  "bnb_price_usd": 629.13,
  "eth_price_usd": 1971.98,
  "sol_value_usd": 52.9317928644,
  "wbtc_value_usd": 0,
  "bnb_value_usd": 30.818285362799998,
  "total_usd": 135.7,
  "meme_holdings": {}
}