{
  "timestamp": "2026-02-16T11:07:39.506405",
  "wallet_address": "CdJSUeHX49eFK8hixbfDKNRLTakYcy59MbVEh8pDnn9U",
  "sol_balance": 0.277131782,
  "usdc_balance": 462.057735,
  "wbtc_balance": 1e-08,
  "bnb_balance": 0.03265508,
  "sol_price_usd": 85.66,
  "btc_price_usd": 68601,
  "bnb_price_usd": 614.49,
  "eth_price_usd": 1962.27,
  "sol_value_usd": 23.73910844612,
  "wbtc_value_usd": 0.00068601,
  "bnb_value_usd": 20.066220109200003,
  "total_usd": 505.86
}