{
  "timestamp": "2026-02-16T13:41:58.769754",
  "wallet_address": "CdJSUeHX49eFK8hixbfDKNRLTakYcy59MbVEh8pDnn9U",
  "sol_balance": 0.272008653,
  "usdc_balance": 461.714844,
  "wbtc_balance": 1e-08,
  "bnb_balance": 0.03265508,
  "sol_price_usd": 85.37,
  "btc_price_usd": 68693,
  "bnb_price_usd": 616.1,
  "eth_price_usd": 1965.53,
  "sol_value_usd": 23.22137870661,
  "wbtc_value_usd": 0.00068693,
  "bnb_value_usd": 20.118794788000002,
  "total_usd": 505.06
}