{
  "timestamp": "2026-02-15T20:06:59.744374",
  "wallet_address": "CdJSUeHX49eFK8hixbfDKNRLTakYcy59MbVEh8pDnn9U",
  "sol_balance": 0.082850471,
  "usdc_balance": 460.97533,
  "wbtc_balance": 0.00028823,
  "bnb_balance": 0.03175978,
  "other_tokens": [],
  "sol_price_usd": 89.49,
  "btc_price_usd": 70418,
  "bnb_price_usd": 629.89,
  "sol_value_usd": 7.414288649789999,
  "wbtc_value_usd": 20.29658014,
  "bnb_value_usd": 20.0051678242,
  "total_usd": 508.69136661399
}