{
  "timestamp": "2026-02-19T19:10:47.689732",
  "wallet_address": "CdJSUeHX49eFK8hixbfDKNRLTakYcy59MbVEh8pDnn9U",
  "sol_balance": 0.698147892,
  "usdc_balance": 144.191321,
  "wbtc_balance": 0,
  "bnb_balance": 0.04898556,
  "sol_price_usd": 81.17,
  "btc_price_usd": 66795,
  "bnb_price_usd": 606.38,
  "eth_price_usd": 1962.11,
  "sol_value_usd": 56.66866439364001,
  "wbtc_value_usd": 0,
  "bnb_value_usd": 29.7038638728,
  "total_usd": 230.56,
  "meme_holdings": {}
}