{
  "timestamp": "2026-02-21T22:08:10.185333",
  "wallet_address": "CdJSUeHX49eFK8hixbfDKNRLTakYcy59MbVEh8pDnn9U",
  "sol_balance": 0.62214143,
  "usdc_balance": 51.949887,
  "wbtc_balance": 0,
  "bnb_balance": 0.04898556,
  "sol_price_usd": 85.29,
  "btc_price_usd": 68157,
  "bnb_price_usd": 630.45,
  "eth_price_usd": 1974.94,
  "sol_value_usd": 53.06244256470001,
  "wbtc_value_usd": 0,
  "bnb_value_usd": 30.882946302,
  "total_usd": 135.9,
  "meme_holdings": {}
}