{
  "timestamp": "2026-02-16T00:07:38.610061",
  "wallet_address": "CdJSUeHX49eFK8hixbfDKNRLTakYcy59MbVEh8pDnn9U",
  "sol_balance": 0.161475608,
  "usdc_balance": 453.148177,
  "wbtc_balance": 0.00028823,
  "bnb_balance": 0.03222343,
  "sol_price_usd": 87.33,
  "btc_price_usd": 69090,
  "bnb_price_usd": 620.78,
  "sol_value_usd": 14.101664846639999,
  "wbtc_value_usd": 19.9138107,
  "bnb_value_usd": 20.003660875399998,
  "total_usd": 507.17
}